nodes,edges,instance,ants,n_nodes,value,time
10,10,1,1,4,174,0.271181
10,10,2,1,5,159,0.399347
10,10,3,1,4,232,0.219261
10,10,4,1,4,184,0.330551
10,10,5,1,4,308,0.255919
10,10,6,1,4,268,0.280514
10,10,7,1,4,220,0.281311
10,10,8,1,5,372,0.444744
10,10,9,1,5,234,0.605231
10,10,10,1,4,215,0.307443
10,20,1,1,5,271,0.418724
10,20,2,1,7,257,0.523118
10,20,3,1,6,334,0.406099
10,20,4,1,6,311,0.40207
10,20,5,1,6,262,0.439181
10,20,6,1,6,323,0.637223
10,20,7,1,6,403,0.526924
10,20,8,1,6,479,0.874179
10,20,9,1,6,400,0.426106
10,20,10,1,6,388,0.408371
10,30,1,1,8,469,0.539269
10,30,2,1,7,563,0.505965
10,30,3,1,7,537,0.565671
10,30,4,1,8,325,0.657377
10,30,5,1,7,391,0.513098
10,30,6,1,7,386,0.569097
10,30,7,1,8,436,0.666457
10,30,8,1,7,447,0.517001
10,30,9,1,7,418,0.58053
10,30,10,1,7,445,0.513768
10,40,1,1,8,560,0.638101
10,40,2,1,8,496,0.671465
10,40,3,1,8,557,0.695886
10,40,4,1,8,437,0.587084
10,40,5,1,8,449,0.653681
10,40,6,1,8,475,0.558936
10,40,7,1,8,309,0.572499
10,40,8,1,8,579,1.11081
10,40,9,1,8,467,0.552317
10,40,10,1,8,524,0.714402
15,20,1,1,6,464,0.688265
15,20,2,1,8,382,0.702051
15,20,3,1,8,476,1.26541
15,20,4,1,7,467,0.814927
15,20,5,1,7,333,0.780414
15,20,6,1,7,453,0.847384
15,20,7,1,7,406,0.602363
15,20,8,1,8,472,1.00021
15,20,9,1,9,435,0.787638
15,20,10,1,8,587,0.728616
15,40,1,1,9,550,0.914768
15,40,2,1,10,553,1.43634
15,40,3,1,10,626,1.2553
15,40,4,1,10,519,0.939722
15,40,5,1,10,595,0.920884
15,40,6,1,10,666,1.06537
15,40,7,1,10,606,1.06582
15,40,8,1,9,588,0.892082
15,40,9,1,10,669,0.895829
15,40,10,1,10,681,1.04182
15,60,1,1,12,812,1.31878
15,60,2,1,12,673,1.14226
15,60,3,1,12,757,1.20054
15,60,4,1,10,606,1.40291
15,60,5,1,11,737,1.05293
15,60,6,1,11,750,1.11259
15,60,7,1,11,743,1.31358
15,60,8,1,12,780,1.19305
15,60,9,1,12,825,1.56332
15,60,10,1,11,593,1.18849
15,80,1,1,13,705,1.34792
15,80,2,1,13,716,1.45555
15,80,3,1,12,884,1.44207
15,80,4,1,12,776,2.42014
15,80,5,1,13,855,1.36504
15,80,6,1,12,697,1.43212
15,80,7,1,13,892,1.27387
15,80,8,1,12,852,1.70741
15,80,9,1,12,777,1.22781
15,80,10,1,12,750,1.36578
15,100,1,1,13,837,1.4889
15,100,2,1,13,723,1.35782
15,100,3,1,13,805,1.39259
15,100,4,1,13,866,1.53236
15,100,5,1,13,835,2.83819
15,100,6,1,13,983,1.55703
15,100,7,1,14,865,1.52805
15,100,8,1,14,871,1.54291
15,100,9,1,14,877,1.67826
15,100,10,1,13,767,1.39
20,20,1,1,9,430,0.99622
20,20,2,1,9,501,1.83658
20,20,3,1,10,662,1.1299
20,20,4,1,8,557,1.5634
20,20,5,1,9,487,1.03074
20,20,6,1,9,555,1.84284
20,20,7,1,8,410,0.818312
20,20,8,1,8,568,1.02894
20,20,9,1,7,454,0.788814
20,20,10,1,8,521,1.20747
20,40,1,1,12,801,1.3379
20,40,2,1,10,713,1.36219
20,40,3,1,12,839,1.4384
20,40,4,1,11,564,1.41437
20,40,5,1,12,615,1.40595
20,40,6,1,12,775,1.51899
20,40,7,1,11,680,1.37036
20,40,8,1,12,745,1.60888
20,40,9,1,11,725,1.38527
20,40,10,1,12,763,2.04848
20,60,1,1,14,1093,2.52932
20,60,2,1,14,866,1.99932
20,60,3,1,15,785,1.76502
20,60,4,1,13,984,2.44939
20,60,5,1,14,867,1.78108
20,60,6,1,13,732,1.65791
20,60,7,1,14,876,2.43813
20,60,8,1,13,844,1.91386
20,60,9,1,13,901,1.77784
20,60,10,1,14,762,1.80038
20,80,1,1,15,1058,1.86718
20,80,2,1,14,892,1.92681
20,80,3,1,14,939,1.8263
20,80,4,1,15,921,1.88019
20,80,5,1,15,856,1.85091
20,80,6,1,15,898,1.89766
20,80,7,1,14,844,2.8354
20,80,8,1,15,983,3.00496
20,80,9,1,14,925,2.23538
20,80,10,1,14,849,1.94749
20,100,1,1,17,981,2.37129
20,100,2,1,16,984,2.23356
20,100,3,1,14,969,2.69065
20,100,4,1,16,1014,2.22364
20,100,5,1,16,929,1.9723
20,100,6,1,14,773,2.16906
20,100,7,1,16,1102,2.24588
20,100,8,1,15,1077,2.16041
20,100,9,1,16,1059,2.01396
20,100,10,1,16,1115,2.52882
20,120,1,1,16,959,2.15451
20,120,2,1,16,1068,2.12479
20,120,3,1,15,897,2.63389
20,120,4,1,17,1146,2.22858
20,120,5,1,17,1314,2.23009
20,120,6,1,16,1018,2.13017
20,120,7,1,16,1000,2.24605
20,120,8,1,17,1067,2.31949
20,120,9,1,16,964,2.17544
20,120,10,1,17,832,2.45926
25,40,1,1,13,863,2.17414
25,40,2,1,14,948,1.79742
25,40,3,1,14,986,2.32907
25,40,4,1,13,532,2.34718
25,40,5,1,13,729,3.48729
25,40,6,1,13,726,1.65155
25,40,7,1,13,984,1.68666
25,40,8,1,13,822,1.69252
25,40,9,1,14,817,2.04542
25,40,10,1,14,804,2.24304
25,80,1,1,17,1337,2.80168
25,80,2,1,17,917,2.77603
25,80,3,1,17,1171,2.77335
25,80,4,1,16,888,4.30805
25,80,5,1,17,1085,3.72058
25,80,6,1,15,993,2.61884
25,80,7,1,17,1154,2.54914
25,80,8,1,16,1039,2.67713
25,80,9,1,16,986,3.39475
25,80,10,1,16,1085,2.38545
25,100,1,1,18,1223,2.9138
25,100,2,1,19,1248,2.63225
25,100,3,1,20,1255,3.12361
25,100,4,1,18,969,2.60592
25,100,5,1,18,834,3.31924
25,100,6,1,18,1187,2.75573
25,100,7,1,19,951,2.78643
25,100,8,1,17,897,3.25791
25,100,9,1,18,1344,2.90504
25,100,10,1,18,1238,2.68422
25,150,1,1,21,1448,3.30633
25,150,2,1,19,1210,3.24075
25,150,3,1,21,1478,3.41287
25,150,4,1,19,1152,3.01307
25,150,5,1,21,1290,3.34764
25,150,6,1,20,1151,2.64069
25,150,7,1,20,1132,3.17146
25,150,8,1,20,1090,3.24431
25,150,9,1,20,1277,3.40504
25,150,10,1,20,1547,3.06517
25,200,1,1,21,1446,3.6783
25,200,2,1,22,1226,4.9096
25,200,3,1,21,1220,5.15102
25,200,4,1,22,1592,3.83091
25,200,5,1,20,1304,3.3438
25,200,6,1,21,1458,3.94904
25,200,7,1,20,1313,3.38445
25,200,8,1,22,1708,4.51571
25,200,9,1,21,1371,3.58607
25,200,10,1,21,1152,3.88553
10,10,1,2,4,174,0.448328
10,10,2,2,5,159,0.466154
10,10,3,2,4,232,0.385137
10,10,4,2,4,184,0.404103
10,10,5,2,4,308,0.445943
10,10,6,2,4,268,0.447758
10,10,7,2,4,220,0.557825
10,10,8,2,5,372,0.83611
10,10,9,2,5,234,0.640111
10,10,10,2,4,215,0.628824
10,20,1,2,5,271,0.889091
10,20,2,2,7,257,0.790975
10,20,3,2,6,334,0.600047
10,20,4,2,6,311,0.58163
10,20,5,2,6,262,0.598186
10,20,6,2,6,323,0.645341
10,20,7,2,6,403,0.614835
10,20,8,2,7,489,0.684902
10,20,9,2,6,400,0.604481
10,20,10,2,6,388,0.722729
10,30,1,2,8,469,1.07134
10,30,2,2,7,563,0.885213
10,30,3,2,7,537,0.867661
10,30,4,2,8,325,0.908253
10,30,5,2,7,391,0.823748
10,30,6,2,7,386,0.977544
10,30,7,2,8,436,0.963674
10,30,8,2,7,447,0.835328
10,30,9,2,7,418,1.10986
10,30,10,2,7,445,0.784082
10,40,1,2,8,526,1.44026
10,40,2,2,8,496,0.862952
10,40,3,2,8,548,1.20401
10,40,4,2,8,426,1.05309
10,40,5,2,8,449,1.24079
10,40,6,2,8,475,1.20389
10,40,7,2,8,309,1.17981
10,40,8,2,8,579,1.40441
10,40,9,2,8,467,1.13862
10,40,10,2,8,524,1.15526
15,20,1,2,6,464,1.11809
15,20,2,2,8,327,1.54324
15,20,3,2,8,476,1.62173
15,20,4,2,8,480,2.22073
15,20,5,2,7,333,1.15852
15,20,6,2,7,453,1.24162
15,20,7,2,7,406,1.19993
15,20,8,2,8,472,1.47211
15,20,9,2,9,435,1.45446
15,20,10,2,8,587,1.54821
15,40,1,2,9,550,1.86891
15,40,2,2,10,549,1.667
15,40,3,2,10,627,1.70471
15,40,4,2,10,519,1.77349
15,40,5,2,10,595,1.75236
15,40,6,2,10,666,2.12196
15,40,7,2,10,606,2.00213
15,40,8,2,9,588,1.79972
15,40,9,2,10,669,1.88723
15,40,10,2,10,681,1.92254
15,60,1,2,11,755,2.14075
15,60,2,2,12,671,2.78559
15,60,3,2,12,731,2.685
15,60,4,2,10,606,2.61281
15,60,5,2,11,737,1.94219
15,60,6,2,11,750,2.27146
15,60,7,2,11,743,2.31637
15,60,8,2,11,768,1.9395
15,60,9,2,12,825,2.2452
15,60,10,2,11,593,2.36623
15,80,1,2,12,661,2.76803
15,80,2,2,12,702,1.92576
15,80,3,2,12,884,2.68931
15,80,4,2,12,776,2.78204
15,80,5,2,13,855,2.7171
15,80,6,2,12,697,2.64384
15,80,7,2,13,892,2.67928
15,80,8,2,12,852,2.55353
15,80,9,2,12,777,2.17677
15,80,10,2,12,750,2.75423
15,100,1,2,13,837,2.38647
15,100,2,2,13,723,2.81639
15,100,3,2,13,805,2.85476
15,100,4,2,13,866,2.72683
15,100,5,2,13,835,2.62276
15,100,6,2,13,983,1.54829
15,100,7,2,14,865,2.91746
15,100,8,2,14,871,3.43376
15,100,9,2,14,877,2.94439
15,100,10,2,13,767,2.85699
20,20,1,2,9,430,2.05449
20,20,2,2,9,501,2.6565
20,20,3,2,10,662,2.22747
20,20,4,2,8,557,2.11873
20,20,5,2,9,487,2.90558
20,20,6,2,9,555,3.35826
20,20,7,2,8,410,1.48578
20,20,8,2,8,568,1.52284
20,20,9,2,7,454,1.41415
20,20,10,2,8,521,1.57689
20,40,1,2,12,801,2.95715
20,40,2,2,10,713,1.31753
20,40,3,2,12,839,2.8092
20,40,4,2,11,564,2.30777
20,40,5,2,12,615,2.83393
20,40,6,2,12,787,2.43199
20,40,7,2,11,680,2.69165
20,40,8,2,12,745,3.43475
20,40,9,2,11,725,2.2888
20,40,10,2,12,763,3.64803
20,60,1,2,14,1093,3.88609
20,60,2,2,13,827,4.02822
20,60,3,2,15,785,3.44944
20,60,4,2,14,998,3.31767
20,60,5,2,14,867,3.2111
20,60,6,2,12,766,3.22035
20,60,7,2,14,876,3.35843
20,60,8,2,13,844,5.06665
20,60,9,2,13,901,2.76151
20,60,10,2,14,762,3.09276
20,80,1,2,15,1058,3.39314
20,80,2,2,14,892,3.21835
20,80,3,2,14,939,3.43642
20,80,4,2,15,921,3.35822
20,80,5,2,15,856,3.70606
20,80,6,2,15,898,3.60707
20,80,7,2,14,844,4.39325
20,80,8,2,15,983,3.96061
20,80,9,2,14,925,5.33452
20,80,10,2,14,849,3.42297
20,100,1,2,17,981,3.95225
20,100,2,2,16,984,4.33002
20,100,3,2,14,969,3.31658
20,100,4,2,16,1014,2.3016
20,100,5,2,16,929,5.35647
20,100,6,2,14,773,3.28003
20,100,7,2,16,1102,3.94853
20,100,8,2,15,1077,3.77203
20,100,9,2,16,1042,3.87946
20,100,10,2,16,1115,3.96536
20,120,1,2,16,959,4.00342
20,120,2,2,16,1068,4.44706
20,120,3,2,16,910,5.19151
20,120,4,2,16,1117,4.74846
20,120,5,2,17,1314,5.19563
20,120,6,2,16,1011,4.81404
20,120,7,2,16,1000,4.46742
20,120,8,2,16,1065,8.36499
20,120,9,2,16,964,3.99872
20,120,10,2,17,802,4.44852
25,40,1,2,13,837,3.56115
25,40,2,2,14,948,3.41182
25,40,3,2,14,986,3.78553
25,40,4,2,13,532,3.94189
25,40,5,2,13,729,4.5878
25,40,6,2,13,726,3.40527
25,40,7,2,14,973,3.60151
25,40,8,2,13,822,3.12391
25,40,9,2,14,817,4.1596
25,40,10,2,14,804,4.0355
25,80,1,2,17,1337,4.61799
25,80,2,2,18,982,5.10177
25,80,3,2,17,1171,6.73052
25,80,4,2,16,888,6.15703
25,80,5,2,17,1085,5.04859
25,80,6,2,15,993,4.09055
25,80,7,2,17,1154,4.80291
25,80,8,2,16,1039,5.11897
25,80,9,2,16,986,4.6191
25,80,10,2,16,1085,4.10686
25,100,1,2,18,1223,4.49924
25,100,2,2,19,1248,5.41677
25,100,3,2,20,1255,5.02634
25,100,4,2,18,969,4.77729
25,100,5,2,18,834,5.10029
25,100,6,2,18,1187,5.36841
25,100,7,2,19,951,5.04155
25,100,8,2,17,897,8.00897
25,100,9,2,18,1344,5.41558
25,100,10,2,18,1238,4.94978
25,150,1,2,21,1448,6.48911
25,150,2,2,19,1210,6.06348
25,150,3,2,21,1457,6.39235
25,150,4,2,19,1152,7.13608
25,150,5,2,20,1213,12.5812
25,150,6,2,20,1151,6.52082
25,150,7,2,20,1132,5.80151
25,150,8,2,19,1065,11.1888
25,150,9,2,20,1277,6.21232
25,150,10,2,20,1540,6.47215
25,200,1,2,21,1446,6.747
25,200,2,2,22,1226,7.76927
25,200,3,2,21,1220,6.75682
25,200,4,2,22,1611,6.59155
25,200,5,2,20,1304,6.58023
25,200,6,2,21,1458,6.77695
25,200,7,2,20,1313,7.3505
25,200,8,2,22,1708,7.70877
25,200,9,2,21,1371,7.37199
25,200,10,2,21,1152,7.32576
10,10,1,4,4,174,0.902807
10,10,2,4,5,159,1.02533
10,10,3,4,4,232,1.06083
10,10,4,4,4,184,0.848685
10,10,5,4,4,308,0.887524
10,10,6,4,4,268,1.28339
10,10,7,4,4,220,1.00677
10,10,8,4,5,372,1.22709
10,10,9,4,5,234,1.09347
10,10,10,4,4,215,0.761429
10,20,1,4,5,271,1.38544
10,20,2,4,7,257,1.66241
10,20,3,4,6,334,3.70629
10,20,4,4,6,311,1.78644
10,20,5,4,6,262,1.16298
10,20,6,4,6,323,1.73211
10,20,7,4,6,403,1.79101
10,20,8,4,6,458,1.66904
10,20,9,4,6,400,1.55099
10,20,10,4,5,394,1.80093
10,30,1,4,8,469,1.52362
10,30,2,4,7,563,4.05344
10,30,3,4,7,537,1.80161
10,30,4,4,8,325,1.85218
10,30,5,4,7,391,1.84143
10,30,6,4,7,386,1.91569
10,30,7,4,8,436,1.97562
10,30,8,4,7,447,1.88497
10,30,9,4,7,418,1.78662
10,30,10,4,7,445,1.73481
10,40,1,4,8,526,2.10688
10,40,2,4,8,496,1.62824
10,40,3,4,8,548,2.07503
10,40,4,4,8,426,2.25301
10,40,5,4,8,449,2.27952
10,40,6,4,8,475,2.32642
10,40,7,4,8,309,2.54306
10,40,8,4,8,579,2.22828
10,40,9,4,8,467,2.25999
10,40,10,4,8,524,2.84753
15,20,1,4,6,464,1.90458
15,20,2,4,8,327,3.15153
15,20,3,4,8,476,2.9133
15,20,4,4,8,480,1.76679
15,20,5,4,7,333,2.61316
15,20,6,4,7,453,2.40604
15,20,7,4,7,406,2.51758
15,20,8,4,8,472,2.51196
15,20,9,4,9,435,2.52394
15,20,10,4,8,587,2.5007
15,40,1,4,9,550,2.97193
15,40,2,4,10,549,3.15414
15,40,3,4,10,627,3.15303
15,40,4,4,10,519,3.21676
15,40,5,4,10,595,3.58111
15,40,6,4,10,625,3.47486
15,40,7,4,10,606,3.4471
15,40,8,4,9,588,3.0789
15,40,9,4,11,660,3.9534
15,40,10,4,10,681,3.79876
15,60,1,4,11,755,4.24975
15,60,2,4,12,671,4.21439
15,60,3,4,12,731,4.5669
15,60,4,4,10,606,5.99139
15,60,5,4,11,737,4.24262
15,60,6,4,11,750,3.71829
15,60,7,4,11,743,4.00429
15,60,8,4,11,768,4.02972
15,60,9,4,12,825,4.32842
15,60,10,4,11,593,4.17681
15,80,1,4,12,661,5.42847
15,80,2,4,12,702,4.70654
15,80,3,4,12,884,5.03431
15,80,4,4,12,776,4.73754
15,80,5,4,13,859,4.91224
15,80,6,4,12,697,3.7513
15,80,7,4,12,862,4.38553
15,80,8,4,12,852,4.0125
15,80,9,4,12,777,4.67738
15,80,10,4,12,750,4.71059
15,100,1,4,13,837,5.11061
15,100,2,4,13,723,4.96698
15,100,3,4,13,805,4.79012
15,100,4,4,13,866,4.88263
15,100,5,4,13,835,5.38598
15,100,6,4,13,971,5.49162
15,100,7,4,14,865,5.64451
15,100,8,4,14,871,4.32673
15,100,9,4,14,877,6.53333
15,100,10,4,13,767,4.81796
20,20,1,4,9,430,3.28966
20,20,2,4,9,501,3.52895
20,20,3,4,10,662,4.75312
20,20,4,4,8,557,2.83636
20,20,5,4,9,487,3.3852
20,20,6,4,9,555,4.3359
20,20,7,4,8,410,3.05532
20,20,8,4,8,568,3.20306
20,20,9,4,7,454,3.03895
20,20,10,4,8,564,3.21467
20,40,1,4,12,801,5.4612
20,40,2,4,10,713,4.50506
20,40,3,4,12,896,4.91209
20,40,4,4,11,564,4.73103
20,40,5,4,11,594,6.49887
20,40,6,4,11,726,4.61359
20,40,7,4,11,680,4.65223
20,40,8,4,12,745,5.00587
20,40,9,4,11,725,4.546
20,40,10,4,13,767,5.19136
20,60,1,4,14,1093,6.93219
20,60,2,4,13,869,6.24305
20,60,3,4,15,785,6.45286
20,60,4,4,14,998,6.00765
20,60,5,4,14,867,6.28047
20,60,6,4,13,732,5.58691
20,60,7,4,14,876,6.46692
20,60,8,4,13,844,5.89195
20,60,9,4,13,901,5.7031
20,60,10,4,14,762,6.0009
20,80,1,4,15,1080,6.85667
20,80,2,4,14,892,6.31147
20,80,3,4,14,939,7.25049
20,80,4,4,15,921,7.92235
20,80,5,4,15,856,9.30175
20,80,6,4,13,840,6.3201
20,80,7,4,14,844,7.65302
20,80,8,4,15,983,8.1646
20,80,9,4,14,925,6.65864
20,80,10,4,14,849,6.32043
20,100,1,4,15,953,8.21308
20,100,2,4,16,984,7.55155
20,100,3,4,14,969,6.22131
20,100,4,4,15,1010,12.1102
20,100,5,4,16,958,5.98794
20,100,6,4,14,773,7.02004
20,100,7,4,16,1102,6.63164
20,100,8,4,15,1077,6.99591
20,100,9,4,16,1042,7.9655
20,100,10,4,16,1115,7.19341
20,120,1,4,16,959,7.18742
20,120,2,4,16,1068,8.07108
20,120,3,4,16,910,7.59821
20,120,4,4,17,1146,8.16199
20,120,5,4,16,1261,9.2208
20,120,6,4,16,1014,7.74727
20,120,7,4,16,1000,7.16041
20,120,8,4,17,1066,8.20437
20,120,9,4,17,1037,7.56688
20,120,10,4,17,802,8.69027
25,40,1,4,13,863,6.40516
25,40,2,4,13,939,6.32688
25,40,3,4,13,965,12.1777
25,40,4,4,13,559,6.60146
25,40,5,4,13,729,6.67842
25,40,6,4,13,726,6.67359
25,40,7,4,13,984,5.8887
25,40,8,4,13,822,5.7876
25,40,9,4,14,817,5.94306
25,40,10,4,14,804,6.63615
25,80,1,4,17,1337,8.53158
25,80,2,4,17,917,8.53427
25,80,3,4,17,1162,9.23929
25,80,4,4,16,888,9.07922
25,80,5,4,17,1085,10.2296
25,80,6,4,15,971,9.04973
25,80,7,4,17,1161,8.67351
25,80,8,4,16,1039,8.04303
25,80,9,4,16,986,7.38
25,80,10,4,16,1085,8.3853
25,100,1,4,18,1223,10.0404
25,100,2,4,19,1212,10.0727
25,100,3,4,20,1255,10.4694
25,100,4,4,18,969,9.04212
25,100,5,4,18,834,9.52623
25,100,6,4,18,1187,10.4376
25,100,7,4,19,944,9.62331
25,100,8,4,17,897,12.3748
25,100,9,4,18,1344,20.9849
25,100,10,4,18,1238,20.0708
25,150,1,4,21,1448,25.4651
25,150,2,4,19,1210,23.7116
25,150,3,4,21,1457,25.7536
25,150,4,4,19,1152,38.339
25,150,5,4,20,1213,25.6561
25,150,6,4,20,1151,25.7103
25,150,7,4,20,1132,25.0812
25,150,8,4,19,1065,32.3926
25,150,9,4,20,1281,25.663
25,150,10,4,20,1540,25.5546
25,200,1,4,21,1446,28.5163
25,200,2,4,22,1226,27.7516
25,200,3,4,21,1220,30.9274
25,200,4,4,22,1592,28.5389
25,200,5,4,20,1304,25.6355
25,200,6,4,21,1458,27.8034
25,200,7,4,20,1313,31.291
25,200,8,4,21,1662,32.899
25,200,9,4,21,1371,28.2161
25,200,10,4,21,1152,27.859
10,10,1,5,4,174,1.09772
10,10,2,5,5,159,1.24091
10,10,3,5,4,232,1.20665
10,10,4,5,4,184,0.997281
10,10,5,5,4,308,1.3243
10,10,6,5,4,268,1.48094
10,10,7,5,4,220,1.20183
10,10,8,5,5,372,1.40687
10,10,9,5,5,234,1.35775
10,10,10,5,4,215,1.22345
10,20,1,5,5,271,1.78524
10,20,2,5,7,257,2.22781
10,20,3,5,6,334,1.77636
10,20,4,5,6,311,1.97103
10,20,5,5,6,262,2.19801
10,20,6,5,6,323,1.4336
10,20,7,5,6,403,1.60848
10,20,8,5,6,458,2.01848
10,20,9,5,6,400,1.67884
10,20,10,5,6,388,1.66239
10,30,1,5,8,469,2.25487
10,30,2,5,7,563,7.52591
10,30,3,5,7,537,12.4762
10,30,4,5,8,325,2.52408
10,30,5,5,7,391,2.35955
10,30,6,5,7,386,2.05608
10,30,7,5,8,436,2.42001
10,30,8,5,7,447,2.45869
10,30,9,5,7,418,2.41184
10,30,10,5,7,445,3.45242
10,40,1,5,8,526,2.65532
10,40,2,5,8,496,2.37887
10,40,3,5,8,548,2.90939
10,40,4,5,8,426,3.39378
10,40,5,5,8,449,2.9096
10,40,6,5,8,475,2.81817
10,40,7,5,8,309,2.78409
10,40,8,5,8,579,2.36578
10,40,9,5,8,467,2.52161
10,40,10,5,8,524,2.53101
15,20,1,5,6,464,2.48047
15,20,2,5,8,327,3.22536
15,20,3,5,8,476,3.28801
15,20,4,5,8,480,3.0275
15,20,5,5,7,333,2.77141
15,20,6,5,7,453,3.30453
15,20,7,5,7,450,3.26025
15,20,8,5,8,472,3.10426
15,20,9,5,9,435,3.38268
15,20,10,5,8,587,3.04022
15,40,1,5,9,550,4.07487
15,40,2,5,10,549,4.25372
15,40,3,5,10,626,4.21335
15,40,4,5,10,519,4.2038
15,40,5,5,10,595,4.26706
15,40,6,5,10,625,4.29952
15,40,7,5,10,606,4.20019
15,40,8,5,9,588,3.93095
15,40,9,5,11,660,4.50037
15,40,10,5,10,681,4.39165
15,60,1,5,11,755,4.83593
15,60,2,5,12,671,10.5736
15,60,3,5,12,731,5.0379
15,60,4,5,10,606,6.53866
15,60,5,5,11,737,5.05357
15,60,6,5,11,750,4.94403
15,60,7,5,11,743,5.12137
15,60,8,5,11,768,5.00686
15,60,9,5,12,825,5.41728
15,60,10,5,11,593,5.22188
15,80,1,5,12,661,5.92543
15,80,2,5,12,702,5.59622
15,80,3,5,12,884,5.61482
15,80,4,5,12,776,6.53855
15,80,5,5,12,828,10.9531
15,80,6,5,12,697,6.12363
15,80,7,5,12,862,5.5257
15,80,8,5,12,852,5.33768
15,80,9,5,12,777,5.26611
15,80,10,5,12,750,5.19654
15,100,1,5,13,837,7.30175
15,100,2,5,13,723,6.10085
15,100,3,5,13,805,6.38815
15,100,4,5,13,866,6.08406
15,100,5,5,13,835,5.84583
15,100,6,5,13,971,6.10738
15,100,7,5,14,865,6.18306
15,100,8,5,14,871,6.88757
15,100,9,5,14,877,6.88217
15,100,10,5,13,767,6.2531
20,20,1,5,9,430,4.3211
20,20,2,5,9,501,4.25634
20,20,3,5,10,662,4.97227
20,20,4,5,8,557,3.84163
20,20,5,5,9,487,5.57053
20,20,6,5,9,555,6.13981
20,20,7,5,8,410,4.07908
20,20,8,5,8,568,4.06689
20,20,9,5,7,454,2.82502
20,20,10,5,8,521,3.63732
20,40,1,5,12,793,5.17194
20,40,2,5,10,713,5.2424
20,40,3,5,12,848,6.06286
20,40,4,5,11,564,5.57011
20,40,5,5,12,615,7.13455
20,40,6,5,11,726,7.22496
20,40,7,5,11,680,5.27654
20,40,8,5,12,745,6.24945
20,40,9,5,11,725,6.02006
20,40,10,5,13,767,6.313
20,60,1,5,15,1174,8.36651
20,60,2,5,13,869,7.57612
20,60,3,5,15,785,8.20308
20,60,4,5,14,998,7.61796
20,60,5,5,14,867,7.45784
20,60,6,5,13,732,6.75328
20,60,7,5,14,876,8.17575
20,60,8,5,13,844,9.91396
20,60,9,5,13,901,6.4296
20,60,10,5,14,762,7.82929
20,80,1,5,15,1058,13.4498
20,80,2,5,14,892,7.8452
20,80,3,5,14,939,7.82652
20,80,4,5,15,921,8.57588
20,80,5,5,15,856,8.55583
20,80,6,5,13,840,7.49793
20,80,7,5,14,844,8.76981
20,80,8,5,15,983,7.66033
20,80,9,5,14,925,8.59562
20,80,10,5,14,849,7.69131
20,100,1,5,16,933,10.0707
20,100,2,5,16,984,8.71047
20,100,3,5,14,969,7.68724
20,100,4,5,16,1014,9.06951
20,100,5,5,16,929,8.88658
20,100,6,5,14,773,7.90399
20,100,7,5,16,1102,9.92199
20,100,8,5,15,1077,8.51363
20,100,9,5,16,1042,9.44015
20,100,10,5,16,1115,8.8577
20,120,1,5,16,959,8.97338
20,120,2,5,16,1068,9.76815
20,120,3,5,15,897,17.4973
20,120,4,5,17,1144,9.58717
20,120,5,5,16,1261,9.39886
20,120,6,5,16,1014,10.5378
20,120,7,5,16,1000,9.57081
20,120,8,5,16,1065,19.0475
20,120,9,5,17,1037,13.0169
20,120,10,5,17,802,10.5022
25,40,1,5,13,863,8.05463
25,40,2,5,14,863,8.27519
25,40,3,5,13,977,8.49453
25,40,4,5,13,532,7.9258
25,40,5,5,13,729,8.76048
25,40,6,5,13,726,7.07467
25,40,7,5,13,949,11.7048
25,40,8,5,13,822,7.25702
25,40,9,5,14,828,8.35704
25,40,10,5,14,804,10.9566
25,80,1,5,17,1337,11.4654
25,80,2,5,17,917,11.286
25,80,3,5,17,1171,11.4192
25,80,4,5,16,888,10.7553
25,80,5,5,17,1085,10.8456
25,80,6,5,15,971,10.3754
25,80,7,5,17,1161,21.418
25,80,8,5,16,1039,22.435
25,80,9,5,16,986,22.7169
25,80,10,5,16,1137,28.924
25,100,1,5,18,1223,26.0384
25,100,2,5,19,1212,28.5991
25,100,3,5,20,1255,29.2633
25,100,4,5,18,969,25.8489
25,100,5,5,18,834,26.1008
25,100,6,5,18,1187,25.6454
25,100,7,5,19,951,26.8631
25,100,8,5,17,897,26.0461
25,100,9,5,18,1344,26.2462
25,100,10,5,18,1238,28.3818
25,150,1,5,21,1448,33.5775
25,150,2,5,19,1210,30.0918
25,150,3,5,21,1457,32.4179
25,150,4,5,19,1152,29.8411
25,150,5,5,20,1213,29.939
25,150,6,5,20,1151,40.8122
25,150,7,5,20,1132,26.5905
25,150,8,5,19,1066,34.2448
25,150,9,5,20,1277,30.7861
25,150,10,5,20,1540,31.1314
25,200,1,5,21,1446,38.1982
25,200,2,5,22,1226,36.2612
25,200,3,5,21,1220,39.7874
25,200,4,5,22,1592,36.517
25,200,5,5,20,1304,33.6146
25,200,6,5,21,1458,38.6318
25,200,7,5,20,1313,34.3031
25,200,8,5,21,1662,43.4805
25,200,9,5,21,1371,34.8649
25,200,10,5,21,1152,41.7929
10,10,1,6,4,174,1.64489
10,10,2,6,5,159,1.82235
10,10,3,6,4,232,1.62381
10,10,4,6,4,184,1.31818
10,10,5,6,4,308,1.38843
10,10,6,6,4,268,1.983
10,10,7,6,4,220,1.66756
10,10,8,6,5,372,1.93547
10,10,9,6,5,234,1.72896
10,10,10,6,4,215,1.46371
10,20,1,6,5,271,2.24843
10,20,2,6,6,273,2.30275
10,20,3,6,6,334,2.02966
10,20,4,6,6,311,2.18995
10,20,5,6,6,262,2.04111
10,20,6,6,6,323,6.84324
10,20,7,6,6,403,1.94207
10,20,8,6,6,479,3.91719
10,20,9,6,6,400,2.04422
10,20,10,6,6,388,2.41337
10,30,1,6,8,439,2.70035
10,30,2,6,7,563,2.84366
10,30,3,6,7,537,2.92945
10,30,4,6,8,325,2.99267
10,30,5,6,7,391,2.52068
10,30,6,6,7,386,2.63894
10,30,7,6,8,436,3.04112
10,30,8,6,7,447,2.69222
10,30,9,6,7,418,2.5772
10,30,10,6,7,445,2.55551
10,40,1,6,8,526,3.23492
10,40,2,6,8,496,3.08239
10,40,3,6,8,548,3.28321
10,40,4,6,8,426,3.80776
10,40,5,6,8,449,3.40916
10,40,6,6,8,475,3.30124
10,40,7,6,8,309,3.3999
10,40,8,6,8,579,2.56379
10,40,9,6,8,467,3.12819
10,40,10,6,8,524,3.12602
15,20,1,6,6,464,3.00614
15,20,2,6,8,327,3.67087
15,20,3,6,6,395,2.99219
15,20,4,6,7,467,3.94011
15,20,5,6,7,333,3.52894
15,20,6,6,7,453,3.46839
15,20,7,6,7,406,3.3413
15,20,8,6,8,472,3.86438
15,20,9,6,9,435,4.23442
15,20,10,6,8,587,4.01976
15,40,1,6,9,550,4.75259
15,40,2,6,10,549,5.40928
15,40,3,6,10,626,5.00767
15,40,4,6,10,519,5.06383
15,40,5,6,10,595,5.03987
15,40,6,6,9,619,6.12904
15,40,7,6,10,606,4.68968
15,40,8,6,9,588,4.7799
15,40,9,6,11,660,5.64358
15,40,10,6,10,681,5.01898
15,60,1,6,11,755,5.88627
15,60,2,6,12,671,7.14215
15,60,3,6,11,705,6.1161
15,60,4,6,10,606,6.99296
15,60,5,6,11,737,6.20652
15,60,6,6,11,750,5.74541
15,60,7,6,11,743,5.25968
15,60,8,6,11,768,5.71653
15,60,9,6,12,825,6.18963
15,60,10,6,11,593,6.31857
15,80,1,6,12,661,6.81369
15,80,2,6,12,702,6.76491
15,80,3,6,12,884,6.64279
15,80,4,6,12,776,7.04469
15,80,5,6,12,828,7.17644
15,80,6,6,12,697,6.79096
15,80,7,6,12,862,7.27148
15,80,8,6,12,852,5.66786
15,80,9,6,12,777,6.6271
15,80,10,6,12,750,6.45908
15,100,1,6,13,837,7.4191
15,100,2,6,13,723,7.70636
15,100,3,6,13,805,7.71393
15,100,4,6,13,866,7.41585
15,100,5,6,13,835,7.44048
15,100,6,6,13,971,7.41872
15,100,7,6,14,865,7.75811
15,100,8,6,14,871,8.1442
15,100,9,6,14,877,8.39635
15,100,10,6,13,767,7.21985
20,20,1,6,9,430,5.09112
20,20,2,6,9,501,4.81677
20,20,3,6,10,662,7.31487
20,20,4,6,8,557,4.31844
20,20,5,6,8,501,4.63965
20,20,6,6,9,555,5.17561
20,20,7,6,8,410,4.19224
20,20,8,6,8,568,4.84545
20,20,9,6,7,454,4.21717
20,20,10,6,8,564,4.44433
20,40,1,6,12,793,7.90758
20,40,2,6,10,713,6.86245
20,40,3,6,12,839,6.75352
20,40,4,6,11,564,6.34525
20,40,5,6,12,615,8.64503
20,40,6,6,11,726,7.44182
20,40,7,6,11,680,7.00439
20,40,8,6,12,745,7.95713
20,40,9,6,11,725,7.68069
20,40,10,6,13,767,7.70993
20,60,1,6,14,1093,8.63522
20,60,2,6,14,866,10.1074
20,60,3,6,14,784,9.26727
20,60,4,6,13,984,8.78221
20,60,5,6,14,867,8.69227
20,60,6,6,13,732,7.78649
20,60,7,6,14,876,8.3539
20,60,8,6,14,899,8.65302
20,60,9,6,13,901,9.09753
20,60,10,6,14,762,8.53137
20,80,1,6,15,1058,9.72869
20,80,2,6,14,892,7.86961
20,80,3,6,14,939,9.49949
20,80,4,6,15,921,9.43988
20,80,5,6,15,856,9.63867
20,80,6,6,13,840,8.7617
20,80,7,6,14,844,9.0687
20,80,8,6,14,972,11.3309
20,80,9,6,14,925,9.6383
20,80,10,6,14,849,8.43073
20,100,1,6,17,981,11.2889
20,100,2,6,16,984,10.4292
20,100,3,6,14,969,10.9755
20,100,4,6,15,1010,16.9325
20,100,5,6,16,929,11.157
20,100,6,6,14,773,10.6698
20,100,7,6,16,1102,12.7673
20,100,8,6,15,1077,10.6635
20,100,9,6,16,1042,11.0177
20,100,10,6,16,1115,9.59404
20,120,1,6,16,959,11.1796
20,120,2,6,16,1068,11.206
20,120,3,6,15,897,12.1963
20,120,4,6,17,1144,12.1102
20,120,5,6,16,1261,13.1495
20,120,6,6,16,1011,11.5144
20,120,7,6,16,1000,11.2984
20,120,8,6,17,1067,11.4747
20,120,9,6,17,1037,12.7054
20,120,10,6,17,802,12.1469
25,40,1,6,13,863,8.90686
25,40,2,6,14,863,9.05354
25,40,3,6,13,965,14.8108
25,40,4,6,13,532,10.5651
25,40,5,6,13,729,10.6233
25,40,6,6,13,726,8.22035
25,40,7,6,13,949,32.9795
25,40,8,6,13,822,18.2425
25,40,9,6,14,804,20.3788
25,40,10,6,14,804,26.5878
25,80,1,6,17,1337,27.8046
25,80,2,6,17,917,27.7821
25,80,3,6,17,1171,27.8283
25,80,4,6,16,888,24.8489
25,80,5,6,17,1085,30.3932
25,80,6,6,15,971,25.3051
25,80,7,6,17,1154,28.4333
25,80,8,6,16,1039,25.3215
25,80,9,6,16,986,26.4054
25,80,10,6,16,1085,25.419
25,100,1,6,18,1223,29.8567
25,100,2,6,19,1212,31.8114
25,100,3,6,19,1243,48.219
25,100,4,6,18,969,28.9866
25,100,5,6,18,834,29.6579
25,100,6,6,18,1187,26.8809
25,100,7,6,19,944,48.7183
25,100,8,6,17,897,29.0952
25,100,9,6,18,1344,30.4156
25,100,10,6,18,1238,30.1305
25,150,1,6,21,1448,36.8533
25,150,2,6,19,1210,34.6714
25,150,3,6,21,1457,37.7035
25,150,4,6,19,1152,36.907
25,150,5,6,20,1244,40.6205
25,150,6,6,20,1151,36.7848
25,150,7,6,20,1132,41.2144
25,150,8,6,19,1065,66.1204
25,150,9,6,20,1277,39.4415
25,150,10,6,20,1540,38.492
25,200,1,6,21,1446,40.555
25,200,2,6,22,1214,42.3852
25,200,3,6,21,1220,38.7774
25,200,4,6,22,1592,43.6704
25,200,5,6,20,1304,41.1828
25,200,6,6,21,1458,40.477
25,200,7,6,20,1313,38.4626
25,200,8,6,21,1662,53.3028
25,200,9,6,21,1371,42.7377
25,200,10,6,21,1152,38.37
10,10,1,7,4,174,1.59379
10,10,2,7,5,159,1.96969
10,10,3,7,4,232,1.48357
10,10,4,7,4,184,1.25763
10,10,5,7,4,308,1.27602
10,10,6,7,4,268,1.89794
10,10,7,7,4,220,1.57844
10,10,8,7,5,372,1.27068
10,10,9,7,5,234,1.90688
10,10,10,7,4,215,1.73209
10,20,1,7,5,271,2.32673
10,20,2,7,7,257,2.82101
10,20,3,7,6,334,2.34674
10,20,4,7,6,311,2.26806
10,20,5,7,6,262,1.95762
10,20,6,7,6,323,2.44408
10,20,7,7,6,403,2.56302
10,20,8,7,6,458,3.31805
10,20,9,7,6,400,1.55136
10,20,10,7,6,388,2.14883
10,30,1,7,8,439,3.17502
10,30,2,7,7,563,3.25898
10,30,3,7,7,537,2.9982
10,30,4,7,8,325,2.89697
10,30,5,7,7,391,2.91044
10,30,6,7,7,386,3.12673
10,30,7,7,8,436,3.58831
10,30,8,7,7,447,3.2867
10,30,9,7,7,418,3.23798
10,30,10,7,7,445,3.18806
10,40,1,7,8,526,3.6711
10,40,2,7,8,496,3.66023
10,40,3,7,8,557,4.46714
10,40,4,7,8,426,3.7867
10,40,5,7,8,449,4.35588
10,40,6,7,8,475,2.73993
10,40,7,7,8,309,3.66136
10,40,8,7,8,579,3.64484
10,40,9,7,8,467,3.64704
10,40,10,7,8,524,3.66834
15,20,1,7,6,464,3.57133
15,20,2,7,8,327,4.54727
15,20,3,7,6,395,3.65318
15,20,4,7,8,480,4.23656
15,20,5,7,7,333,4.18102
15,20,6,7,7,453,4.06566
15,20,7,7,7,406,3.68744
15,20,8,7,8,472,4.48754
15,20,9,7,9,435,4.63924
15,20,10,7,8,576,4.455
15,40,1,7,9,550,5.56902
15,40,2,7,10,549,5.75383
15,40,3,7,10,626,6.28172
15,40,4,7,10,519,5.20446
15,40,5,7,10,595,5.49695
15,40,6,7,9,619,7.89162
15,40,7,7,10,606,5.71094
15,40,8,7,9,588,5.29804
15,40,9,7,11,660,6.25484
15,40,10,7,10,681,6.009
15,60,1,7,11,755,6.84849
15,60,2,7,12,671,8.38289
15,60,3,7,12,731,7.22398
15,60,4,7,10,606,6.00491
15,60,5,7,11,737,6.72377
15,60,6,7,11,750,5.07795
15,60,7,7,11,743,6.75342
15,60,8,7,11,768,6.54353
15,60,9,7,12,825,7.05941
15,60,10,7,11,593,6.89144
15,80,1,7,12,661,7.76053
15,80,2,7,12,702,8.33586
15,80,3,7,12,884,9.39235
15,80,4,7,12,776,11.2482
15,80,5,7,13,855,8.19077
15,80,6,7,12,697,6.17017
15,80,7,7,12,862,8.10575
15,80,8,7,12,852,7.9654
15,80,9,7,12,777,7.94432
15,80,10,7,12,750,7.7724
15,100,1,7,13,837,8.94686
15,100,2,7,13,723,9.72037
15,100,3,7,13,805,9.31216
15,100,4,7,13,866,9.70875
15,100,5,7,13,835,9.05728
15,100,6,7,13,971,8.70773
15,100,7,7,14,865,9.62028
15,100,8,7,13,863,12.0343
15,100,9,7,14,877,9.27513
15,100,10,7,13,767,8.68107
20,20,1,7,9,430,5.75771
20,20,2,7,9,501,5.85263
20,20,3,7,10,662,6.40779
20,20,4,7,8,557,5.22633
20,20,5,7,9,487,6.15181
20,20,6,7,9,555,5.65563
20,20,7,7,8,410,4.90568
20,20,8,7,8,568,4.89402
20,20,9,7,7,454,4.36158
20,20,10,7,8,564,5.26881
20,40,1,7,12,801,8.09431
20,40,2,7,10,713,7.01053
20,40,3,7,12,839,9.47274
20,40,4,7,11,564,8.25309
20,40,5,7,11,594,13.0333
20,40,6,7,11,726,10.2953
20,40,7,7,11,680,7.77233
20,40,8,7,12,745,8.46031
20,40,9,7,11,725,7.46137
20,40,10,7,13,767,8.6855
20,60,1,7,14,1093,9.90687
20,60,2,7,13,827,10.0542
20,60,3,7,15,785,11.8254
20,60,4,7,13,984,16.2373
20,60,5,7,14,867,10.6179
20,60,6,7,13,732,7.98159
20,60,7,7,14,876,11.6141
20,60,8,7,14,878,11.0348
20,60,9,7,13,901,9.84975
20,60,10,7,14,762,11.4014
20,80,1,7,15,1058,11.937
20,80,2,7,14,892,10.9641
20,80,3,7,14,939,11.1639
20,80,4,7,15,921,10.42
20,80,5,7,15,856,11.6414
20,80,6,7,13,840,10.3395
20,80,7,7,14,844,10.4195
20,80,8,7,15,983,11.1764
20,80,9,7,14,925,10.2582
20,80,10,7,14,849,11.8401
20,100,1,7,16,933,15.475
20,100,2,7,16,984,13.7374
20,100,3,7,14,969,12.2051
20,100,4,7,15,1010,12.2745
20,100,5,7,16,929,12.3704
20,100,6,7,14,773,11.3251
20,100,7,7,16,1102,12.7759
20,100,8,7,15,1077,11.9998
20,100,9,7,16,1042,13.3245
20,100,10,7,16,1115,12.3987
20,120,1,7,16,959,13.4359
20,120,2,7,16,1068,13.3553
20,120,3,7,16,910,12.8148
20,120,4,7,16,1117,13.0149
20,120,5,7,16,1261,13.1954
20,120,6,7,16,1011,13.4053
20,120,7,7,16,1000,12.7701
20,120,8,7,16,1065,37.3594
20,120,9,7,16,964,27.6966
20,120,10,7,17,802,29.5953
25,40,1,7,13,863,22.3521
25,40,2,7,14,863,27.1072
25,40,3,7,13,965,54.899
25,40,4,7,13,559,22.2204
25,40,5,7,13,729,23.0144
25,40,6,7,13,726,23.0355
25,40,7,7,13,949,28.9017
25,40,8,7,13,822,22.383
25,40,9,7,14,804,23.8406
25,40,10,7,14,804,26.4869
25,80,1,7,17,1337,32.1766
25,80,2,7,17,917,31.7253
25,80,3,7,17,1171,47.5646
25,80,4,7,16,888,30.1444
25,80,5,7,17,1085,33.6299
25,80,6,7,15,971,28.6143
25,80,7,7,17,1154,29.5732
25,80,8,7,15,1059,27.7996
25,80,9,7,16,986,30.006
25,80,10,7,16,1085,30.6048
25,100,1,7,18,1223,34.5671
25,100,2,7,19,1212,37.8019
25,100,3,7,19,1243,45.6315
25,100,4,7,18,969,34.3118
25,100,5,7,18,834,53.6844
25,100,6,7,18,1187,49.0122
25,100,7,7,19,944,38.6529
25,100,8,7,17,897,39.7855
25,100,9,7,18,1344,36.3906
25,100,10,7,18,1238,35.3777
25,150,1,7,21,1448,47.2451
25,150,2,7,19,1210,41.7243
25,150,3,7,21,1457,47.6724
25,150,4,7,19,1152,49.8812
25,150,5,7,20,1213,47.3857
25,150,6,7,20,1151,43.0814
25,150,7,7,20,1132,41.8495
25,150,8,7,20,1082,41.961
25,150,9,7,20,1277,46.711
25,150,10,7,20,1521,47.0318
25,200,1,7,21,1446,55.1681
25,200,2,7,22,1214,25.2925
25,200,3,7,21,1220,22.1871
25,200,4,7,22,1592,24.6387
25,200,5,7,20,1304,20.7018
25,200,6,7,21,1458,20.0155
25,200,7,7,20,1313,19.5147
25,200,8,7,22,1708,23.4526
25,200,9,7,21,1371,23.7402
25,200,10,7,21,1152,21.9394
10,10,1,8,4,174,2.02387
10,10,2,8,5,159,2.28872
10,10,3,8,4,232,2.08784
10,10,4,8,4,184,1.43045
10,10,5,8,4,308,2.0974
10,10,6,8,4,268,1.52325
10,10,7,8,4,220,6.03667
10,10,8,8,5,372,2.50405
10,10,9,8,5,234,2.36505
10,10,10,8,4,215,1.97325
10,20,1,8,5,271,2.75801
10,20,2,8,7,257,3.19633
10,20,3,8,6,334,2.65422
10,20,4,8,6,311,2.526
10,20,5,8,6,262,3.00229
10,20,6,8,6,323,2.79947
10,20,7,8,6,403,3.00148
10,20,8,8,6,479,3.88835
10,20,9,8,6,400,2.90919
10,20,10,8,6,388,2.93887
10,30,1,8,8,439,3.94841
10,30,2,8,7,563,4.23909
10,30,3,8,7,537,3.62621
10,30,4,8,8,325,4.01862
10,30,5,8,7,391,4.0446
10,30,6,8,7,386,3.32343
10,30,7,8,8,436,3.98474
10,30,8,8,7,447,3.47924
10,30,9,8,7,418,5.29755
10,30,10,8,7,445,3.30459
10,40,1,8,8,526,4.16711
10,40,2,8,8,496,4.16287
10,40,3,8,8,548,4.20432
10,40,4,8,8,426,4.05664
10,40,5,8,8,449,4.32618
10,40,6,8,8,475,4.17587
10,40,7,8,8,309,4.29966
10,40,8,8,8,579,3.96745
10,40,9,8,8,467,4.23552
10,40,10,8,8,524,4.45846
15,20,1,8,6,464,3.86126
15,20,2,8,8,327,4.93091
15,20,3,8,6,395,3.93473
15,20,4,8,7,467,6.16726
15,20,5,8,7,333,4.37191
15,20,6,8,7,453,4.59886
15,20,7,8,7,406,4.14828
15,20,8,8,8,472,5.22221
15,20,9,8,9,435,5.55931
15,20,10,8,8,576,4.95051
15,40,1,8,9,550,6.36135
15,40,2,8,9,526,10.9355
15,40,3,8,10,626,5.42904
15,40,4,8,10,519,6.56654
15,40,5,8,10,595,6.15883
15,40,6,8,10,625,7.16656
15,40,7,8,10,606,6.80297
15,40,8,8,9,588,6.02628
15,40,9,8,11,660,7.33427
15,40,10,8,10,681,6.96141
15,60,1,8,11,755,8.8935
15,60,2,8,12,671,10.4607
15,60,3,8,12,731,8.45782
15,60,4,8,10,606,7.57089
15,60,5,8,11,737,7.88881
15,60,6,8,11,750,7.92876
15,60,7,8,11,743,7.92969
15,60,8,8,11,768,7.88369
15,60,9,8,12,825,8.65514
15,60,10,8,11,593,8.20348
15,80,1,8,12,661,9.59772
15,80,2,8,12,702,9.28613
15,80,3,8,12,884,8.47647
15,80,4,8,12,776,12.547
15,80,5,8,12,828,16.9008
15,80,6,8,12,729,9.10794
15,80,7,8,12,862,8.86854
15,80,8,8,12,852,8.57728
15,80,9,8,12,777,8.61228
15,80,10,8,12,781,8.5118
15,100,1,8,13,837,10.7115
15,100,2,8,13,723,10.0994
15,100,3,8,13,805,9.99911
15,100,4,8,13,866,9.93743
15,100,5,8,13,835,10.2668
15,100,6,8,13,971,9.86306
15,100,7,8,14,865,10.5701
15,100,8,8,14,871,10.4122
15,100,9,8,14,877,10.1088
15,100,10,8,13,767,10.4645
20,20,1,8,9,430,6.53734
20,20,2,8,9,501,6.55276
20,20,3,8,10,662,6.97798
20,20,4,8,8,557,5.77073
20,20,5,8,9,487,7.4484
20,20,6,8,9,555,6.92343
20,20,7,8,8,410,5.67581
20,20,8,8,8,568,5.92639
20,20,9,8,7,454,5.46744
20,20,10,8,8,564,6.24558
20,40,1,8,12,801,10.3684
20,40,2,8,10,713,8.6003
20,40,3,8,11,819,13.446
20,40,4,8,11,564,8.4709
20,40,5,8,11,594,10.7191
20,40,6,8,12,771,9.25714
20,40,7,8,11,680,8.54194
20,40,8,8,12,745,9.69079
20,40,9,8,11,725,10.541
20,40,10,8,13,767,9.76632
20,60,1,8,14,1093,10.3059
20,60,2,8,13,827,14.1821
20,60,3,8,15,785,12.4003
20,60,4,8,13,984,15.3162
20,60,5,8,14,867,11.6026
20,60,6,8,13,732,10.6613
20,60,7,8,14,876,12.3131
20,60,8,8,13,844,11.5345
20,60,9,8,13,901,11.1579
20,60,10,8,14,762,10.9358
20,80,1,8,15,1058,13.6076
20,80,2,8,14,892,12.4891
20,80,3,8,14,939,12.2604
20,80,4,8,15,921,14.6095
20,80,5,8,15,856,13.4744
20,80,6,8,13,840,11.254
20,80,7,8,14,844,12.1217
20,80,8,8,15,983,14.2089
20,80,9,8,14,925,13.563
20,80,10,8,15,891,13.5741
20,100,1,8,16,933,16.9843
20,100,2,8,16,984,15.4941
20,100,3,8,14,969,12.9278
20,100,4,8,16,1014,15.4096
20,100,5,8,16,929,16.2756
20,100,6,8,14,773,12.8624
20,100,7,8,16,1102,14.3883
20,100,8,8,15,1077,13.292
20,100,9,8,16,1042,13.9249
20,100,10,8,16,1115,15.7946
20,120,1,8,16,959,15.0835
20,120,2,8,16,1068,35.1785
20,120,3,8,16,910,31.8103
20,120,4,8,17,1144,34.6231
20,120,5,8,16,1261,32.9954
20,120,6,8,16,1011,33.7382
20,120,7,8,16,1000,31.6014
20,120,8,8,16,1065,35.0462
20,120,9,8,16,964,34.4286
20,120,10,8,17,802,36.3601
25,40,1,8,13,837,27.3545
25,40,2,8,14,863,27.5208
25,40,3,8,13,965,38.1912
25,40,4,8,13,559,23.7207
25,40,5,8,13,729,25.7341
25,40,6,8,13,726,23.2161
25,40,7,8,13,949,33.1884
25,40,8,8,13,822,23.8325
25,40,9,8,14,817,31.4746
25,40,10,8,14,804,33.1583
25,80,1,8,17,1337,38.6929
25,80,2,8,17,917,39.1076
25,80,3,8,17,1171,58.7358
25,80,4,8,16,888,36.2952
25,80,5,8,17,1085,36.2596
25,80,6,8,15,993,31.9897
25,80,7,8,17,1154,36.0241
25,80,8,8,16,1039,54.4589
25,80,9,8,16,986,36.575
25,80,10,8,16,1085,43.4947
25,100,1,8,18,1223,39.0752
25,100,2,8,19,1212,42.1288
25,100,3,8,19,1243,53.9799
25,100,4,8,18,969,37.9844
25,100,5,8,18,834,38.691
25,100,6,8,18,1187,38.7281
25,100,7,8,18,922,44.3749
25,100,8,8,17,897,39.1036
25,100,9,8,18,1344,38.0275
25,100,10,8,18,1238,42.0442
25,150,1,8,21,1448,48.5852
25,150,2,8,19,1210,53.2467
25,150,3,8,21,1457,48.8481
25,150,4,8,19,1152,39.256
25,150,5,8,20,1244,42.3956
25,150,6,8,20,1151,25.3493
25,150,7,8,20,1132,20.9871
25,150,8,8,20,1082,20.4347
25,150,9,8,20,1277,21.0944
25,150,10,8,20,1521,23.0744
25,200,1,8,21,1446,26.0839
25,200,2,8,22,1214,26.6626
25,200,3,8,21,1220,18.6167
25,200,4,8,22,1592,17.6949
25,200,5,8,20,1304,26.5256
25,200,6,8,21,1458,27.4712
25,200,7,8,20,1313,26.1091
25,200,8,8,22,1708,20.1028
25,200,9,8,21,1371,21.5686
25,200,10,8,21,1152,23.8829
10,10,1,9,4,174,2.31118
10,10,2,9,5,159,2.44267
10,10,3,9,4,232,2.00015
10,10,4,9,4,184,2.08869
10,10,5,9,4,308,1.973
10,10,6,9,4,268,2.07731
10,10,7,9,4,220,1.96799
10,10,8,9,5,372,2.758
10,10,9,9,5,234,2.29382
10,10,10,9,4,215,2.37257
10,20,1,9,5,271,2.56507
10,20,2,9,7,257,3.47934
10,20,3,9,6,334,2.99947
10,20,4,9,6,311,3.1636
10,20,5,9,6,262,3.00146
10,20,6,9,6,323,2.82181
10,20,7,9,6,403,2.97246
10,20,8,9,6,458,3.56657
10,20,9,9,6,400,3.00547
10,20,10,9,6,388,2.94963
10,30,1,9,8,469,4.47765
10,30,2,9,7,563,4.01595
10,30,3,9,7,537,3.57995
10,30,4,9,8,325,4.44156
10,30,5,9,7,391,3.51413
10,30,6,9,7,386,3.92114
10,30,7,9,6,395,3.12753
10,30,8,9,7,447,3.70945
10,30,9,9,7,418,4.79594
10,30,10,9,7,445,4.48881
10,40,1,9,8,526,4.33407
10,40,2,9,8,496,4.24407
10,40,3,9,8,548,6.88666
10,40,4,9,8,426,10.6031
10,40,5,9,8,449,10.7712
10,40,6,9,8,475,10.3784
10,40,7,9,8,309,10.3213
10,40,8,9,8,579,10.0777
10,40,9,9,8,467,9.78952
10,40,10,9,8,524,11.0418
15,20,1,9,6,464,8.08465
15,20,2,9,8,327,12.3574
15,20,3,9,6,395,9.51542
15,20,4,9,7,467,16.9147
15,20,5,9,7,333,11.5254
15,20,6,9,7,453,10.4838
15,20,7,9,7,406,10.4946
15,20,8,9,8,472,12.1641
15,20,9,9,9,435,11.7921
15,20,10,9,8,576,11.2276
15,40,1,9,9,550,15.0811
15,40,2,9,10,549,15.875
15,40,3,9,10,626,17.5134
15,40,4,9,10,519,15.5964
15,40,5,9,10,595,14.4872
15,40,6,9,10,625,14.3976
15,40,7,9,10,606,14.7083
15,40,8,9,9,588,12.926
15,40,9,9,11,660,17.0293
15,40,10,9,10,681,14.6183
15,60,1,9,11,755,17.3265
15,60,2,9,12,671,20.2342
15,60,3,9,12,731,16.3985
15,60,4,9,10,606,19.98
15,60,5,9,11,737,24.6967
15,60,6,9,11,750,18.9621
15,60,7,9,11,743,19.1191
15,60,8,9,11,768,18.2611
15,60,9,9,12,825,20.6209
15,60,10,9,11,593,20.014
15,80,1,9,12,661,23.3405
15,80,2,9,12,702,21.2028
15,80,3,9,12,884,19.7814
15,80,4,9,12,776,20.8434
15,80,5,9,12,828,30.2282
15,80,6,9,12,729,20.5908
15,80,7,9,13,892,21.5098
15,80,8,9,12,852,21.2002
15,80,9,9,12,777,39.8582
15,80,10,9,12,781,19.9571
15,100,1,9,13,837,23.6955
15,100,2,9,13,723,23.7776
15,100,3,9,13,805,23.5183
15,100,4,9,13,866,22.0569
15,100,5,9,13,835,23.455
15,100,6,9,13,971,23.3562
15,100,7,9,14,865,25.0446
15,100,8,9,13,863,35.9307
15,100,9,9,14,877,22.694
15,100,10,9,13,767,23.6985
20,20,1,9,9,430,14.6321
20,20,2,9,9,501,15.3135
20,20,3,9,10,662,20.5009
20,20,4,9,8,557,15.264
20,20,5,9,9,487,11.7159
20,20,6,9,9,555,18.2797
20,20,7,9,8,410,13.9735
20,20,8,9,8,568,12.8614
20,20,9,9,7,454,11.5288
20,20,10,9,8,521,13.4396
20,40,1,9,12,793,21.904
20,40,2,9,10,713,25.2299
20,40,3,9,12,848,10.9188
20,40,4,9,11,564,10.0605
20,40,5,9,11,594,18.0699
20,40,6,9,11,726,10.6323
20,40,7,9,11,680,9.663
20,40,8,9,12,745,11.3805
20,40,9,9,11,725,11.2437
20,40,10,9,12,763,10.6405
20,60,1,9,14,1102,12.4165
20,60,2,9,13,827,12.2796
20,60,3,9,15,785,13.7752
20,60,4,9,14,984,13.1042
20,60,5,9,14,867,12.9924
20,60,6,9,13,732,12.388
20,60,7,9,14,876,13.8209
20,60,8,9,13,844,15.3133
20,60,9,9,13,901,10.6946
20,60,10,9,14,762,14.0807
20,80,1,9,15,1058,14.5335
20,80,2,9,14,892,13.7011
20,80,3,9,14,939,14.2585
20,80,4,9,15,921,17.2016
20,80,5,9,15,856,14.2892
20,80,6,9,13,840,13.7438
20,80,7,9,14,844,9.23367
20,80,8,9,15,983,14.8318
20,80,9,9,14,925,13.7156
20,80,10,9,14,849,13.2209
20,100,1,9,16,933,16.9332
20,100,2,9,16,984,16.5954
20,100,3,9,14,969,11.0215
20,100,4,9,15,1010,20.8944
20,100,5,9,16,929,14.9283
20,100,6,9,14,773,11.8059
20,100,7,9,16,1102,16.4591
20,100,8,9,15,1077,15.3456
20,100,9,9,16,1042,15.9821
20,100,10,9,16,1115,17.624
20,120,1,9,16,959,16.636
20,120,2,9,16,1068,13.0517
20,120,3,9,16,910,16.8542
20,120,4,9,16,1117,12.3908
20,120,5,9,16,1261,17.6576
20,120,6,9,16,1011,16.8673
20,120,7,9,16,1000,16.7314
20,120,8,9,17,1066,17.8049
20,120,9,9,16,964,18.4894
20,120,10,9,17,802,22.1004
25,40,1,9,13,837,15.4518
25,40,2,9,14,948,13.2478
25,40,3,9,13,977,12.5588
25,40,4,9,13,532,13.1041
25,40,5,9,13,729,13.4854
25,40,6,9,13,726,13.3238
25,40,7,9,13,949,12.9184
25,40,8,9,13,822,13.7277
25,40,9,9,14,817,13.0936
25,40,10,9,14,804,17.8623
25,80,1,9,17,1337,17.5475
25,80,2,9,17,917,18.8308
25,80,3,9,17,1162,22.2425
25,80,4,9,16,888,21.2064
25,80,5,9,17,1085,23.6196
25,80,6,9,15,993,21.5087
25,80,7,9,17,1154,23.9756
25,80,8,9,16,1039,22
25,80,9,9,16,986,23.8193
25,80,10,9,16,1085,24.1997
25,100,1,9,18,1223,27.8567
25,100,2,9,19,1212,28.2374
25,100,3,9,19,1243,42.5417
25,100,4,9,18,969,28.7646
25,100,5,9,18,834,31.1017
25,100,6,9,18,1187,28.5763
25,100,7,9,19,944,47.4056
25,100,8,9,17,897,30.3521
25,100,9,9,18,1344,32.2743
25,100,10,9,18,1238,31.072
25,150,1,9,19,1387,49.0601
25,150,2,9,19,1210,34.5424
25,150,3,9,21,1457,37.7334
25,150,4,9,19,1152,37.9207
25,150,5,9,21,1290,43.3054
25,150,6,9,20,1151,29.5151
25,150,7,9,20,1132,28.4344
25,150,8,9,19,1066,51.812
25,150,9,9,20,1277,37.8689
25,150,10,9,20,1540,40.1568
25,200,1,9,21,1446,38.1812
25,200,2,9,22,1226,42.6445
25,200,3,9,21,1220,40.1921
25,200,4,9,22,1592,42.1138
25,200,5,9,20,1304,39.2461
25,200,6,9,21,1458,38.8898
25,200,7,9,20,1313,38.7513
25,200,8,9,21,1662,64.838
25,200,9,9,21,1371,38.9219
25,200,10,9,21,1152,38.8429
10,10,1,10,4,174,2.13897
10,10,2,10,5,159,3.00441
10,10,3,10,4,232,2.21337
10,10,4,10,4,184,2.49697
10,10,5,10,4,308,2.16889
10,10,6,10,4,268,3.24258
10,10,7,10,4,220,3.22526
10,10,8,10,5,372,5.70723
10,10,9,10,5,234,6.27835
10,10,10,10,4,215,4.48991
10,20,1,10,5,271,7.10956
10,20,2,10,7,257,8.03474
10,20,3,10,6,334,7.70599
10,20,4,10,6,311,6.78263
10,20,5,10,6,262,7.70711
10,20,6,10,6,323,7.83036
10,20,7,10,6,403,9.29758
10,20,8,10,6,458,8.89752
10,20,9,10,6,400,7.04617
10,20,10,10,6,388,6.9286
10,30,1,10,8,439,10.2593
10,30,2,10,7,563,9.55838
10,30,3,10,7,537,10.3058
10,30,4,10,8,325,10.3017
10,30,5,10,7,391,8.46009
10,30,6,10,7,386,9.54207
10,30,7,10,6,395,7.44916
10,30,8,10,7,447,9.70362
10,30,9,10,7,418,8.63613
10,30,10,10,7,445,9.36931
10,40,1,10,8,526,10.5177
10,40,2,10,8,496,9.98828
10,40,3,10,8,557,10.2418
10,40,4,10,8,426,12.4949
10,40,5,10,8,449,11.0082
10,40,6,10,8,475,11.3769
10,40,7,10,8,309,11.5467
10,40,8,10,8,579,10.94
10,40,9,10,8,467,12.4502
10,40,10,10,8,524,11.2386
15,20,1,10,6,464,12.5649
15,20,2,10,8,327,12.7386
15,20,3,10,6,395,9.61272
15,20,4,10,7,467,11.9268
15,20,5,10,7,333,10.8841
15,20,6,10,7,453,10.5042
15,20,7,10,7,406,10.9906
15,20,8,10,8,472,12.1805
15,20,9,10,9,435,13.4082
15,20,10,10,8,576,12.988
15,40,1,10,9,550,14.8019
15,40,2,10,9,526,30.2892
15,40,3,10,10,626,20.6008
15,40,4,10,10,519,15.9244
15,40,5,10,10,595,17.5745
15,40,6,10,9,619,14.7637
15,40,7,10,10,606,16.5506
15,40,8,10,9,588,36.5505
15,40,9,10,11,660,21.389
15,40,10,10,10,681,16.1438
15,60,1,10,11,755,32.8193
15,60,2,10,12,671,22.5006
15,60,3,10,12,731,22.696
15,60,4,10,10,606,21.158
15,60,5,10,11,737,20.8704
15,60,6,10,11,750,19.3914
15,60,7,10,11,743,17.609
15,60,8,10,11,768,19.4382
15,60,9,10,12,825,21.2391
15,60,10,10,11,593,20.7501
15,80,1,10,12,661,23.417
15,80,2,10,12,702,21.5537
15,80,3,10,12,884,28.2716
15,80,4,10,12,776,24.9283
15,80,5,10,12,828,32.3057
15,80,6,10,12,697,22.1314
15,80,7,10,12,862,24.8831
15,80,8,10,12,852,20.2305
15,80,9,10,12,777,26.3885
15,80,10,10,12,750,22.1789
15,100,1,10,13,837,25.3182
15,100,2,10,13,723,21.5337
15,100,3,10,13,805,12.1138
15,100,4,10,13,866,12.7253
15,100,5,10,13,835,12.8032
15,100,6,10,13,971,12.7009
15,100,7,10,14,865,11.626
15,100,8,10,13,863,24.6779
15,100,9,10,14,877,15.0947
15,100,10,10,13,767,12.4255
20,20,1,10,9,430,8.12621
20,20,2,10,9,501,7.44465
20,20,3,10,10,662,8.77661
20,20,4,10,8,557,6.68438
20,20,5,10,9,487,8.36445
20,20,6,10,9,555,7.93867
20,20,7,10,8,410,6.5639
20,20,8,10,8,568,6.79352
20,20,9,10,7,454,7.33446
20,20,10,10,8,521,5.25873
20,40,1,10,12,801,11.0774
20,40,2,10,10,713,10.5969
20,40,3,10,12,848,12.2232
20,40,4,10,11,564,10.9766
20,40,5,10,11,594,16.6453
20,40,6,10,11,726,12.1656
20,40,7,10,11,680,10.9844
20,40,8,10,12,745,10.1648
20,40,9,10,11,725,10.3708
20,40,10,10,12,763,10.0793
20,60,1,10,14,1093,14.6392
20,60,2,10,13,827,24.1286
20,60,3,10,15,785,15.1503
20,60,4,10,13,984,18.6624
20,60,5,10,14,867,13.8175
20,60,6,10,13,732,12.5027
20,60,7,10,14,876,12.7082
20,60,8,10,13,844,11.8828
20,60,9,10,13,901,13.3779
20,60,10,10,14,762,15.6416
20,80,1,10,15,1058,16.7145
20,80,2,10,14,892,17.1763
20,80,3,10,14,939,15.2482
20,80,4,10,15,921,11.592
20,80,5,10,15,856,13.2362
20,80,6,10,13,840,14.4629
20,80,7,10,14,844,13.4874
20,80,8,10,15,983,14.8855
20,80,9,10,14,925,16.6326
20,80,10,10,14,849,15.8446
20,100,1,10,16,933,20.5376
20,100,2,10,16,984,18.0465
20,100,3,10,14,969,16.3534
20,100,4,10,15,1010,24.6532
20,100,5,10,16,929,15.2178
20,100,6,10,14,773,15.7024
20,100,7,10,16,1102,17.7448
20,100,8,10,15,1077,16.756
20,100,9,10,16,1042,17.7584
20,100,10,10,16,1115,17.4211
20,120,1,10,16,959,17.9566
20,120,2,10,16,1068,20.2277
20,120,3,10,16,910,14.4886
20,120,4,10,16,1117,22.8611
20,120,5,10,16,1261,28.7435
20,120,6,10,16,1011,24.6341
20,120,7,10,16,1000,23.6187
20,120,8,10,16,1065,24.4195
20,120,9,10,16,964,24.1434
20,120,10,10,17,802,25.9208
25,40,1,10,13,863,19.2522
25,40,2,10,14,948,20.2647
25,40,3,10,13,977,20.1947
25,40,4,10,13,559,19.9463
25,40,5,10,13,729,29.2455
25,40,6,10,13,726,21.6377
25,40,7,10,13,949,25.8826
25,40,8,10,13,822,18.3845
25,40,9,10,14,828,19.6724
25,40,10,10,14,804,23.9732
25,80,1,10,16,1309,52.3371
25,80,2,10,17,917,32.1352
25,80,3,10,17,1162,30.9783
25,80,4,10,16,888,25.2441
25,80,5,10,17,1085,29.8734
25,80,6,10,15,993,27.945
25,80,7,10,17,1154,31.6163
25,80,8,10,16,1039,28.4225
25,80,9,10,16,986,28.3259
25,80,10,10,16,1137,34.5744
25,100,1,10,18,1223,31.7665
25,100,2,10,19,1212,30.8004
25,100,3,10,19,1243,36.5409
25,100,4,10,18,969,31.7715
25,100,5,10,18,834,32.7647
25,100,6,10,18,1187,34.4694
25,100,7,10,19,944,40.3989
25,100,8,10,17,897,31.2686
25,100,9,10,18,1344,33.0648
25,100,10,10,18,1238,35.9345
25,150,1,10,21,1448,33.5033
25,150,2,10,19,1210,34.8069
25,150,3,10,20,1431,70.5632
25,150,4,10,19,1152,39.7453
25,150,5,10,20,1213,39.6277
25,150,6,10,20,1151,35.4111
25,150,7,10,20,1132,35.5283
25,150,8,10,20,1082,49.6726
25,150,9,10,20,1277,40.8539
25,150,10,10,20,1521,37.3492
25,200,1,10,21,1446,40.3791
25,200,2,10,22,1226,51.3847
25,200,3,10,21,1220,45.2638
25,200,4,10,22,1592,32.9164
25,200,5,10,20,1304,37.144
25,200,6,10,21,1458,41.2499
25,200,7,10,20,1313,42.4489
25,200,8,10,21,1662,61.0062
25,200,9,10,21,1371,34.4836
25,200,10,10,21,1152,47.336
10,10,1,11,4,174,5.23404
10,10,2,11,5,159,5.84174
10,10,3,11,4,232,5.16517
10,10,4,11,4,184,4.90526
10,10,5,11,4,308,6.03833
10,10,6,11,4,268,6.94948
10,10,7,11,4,220,3.59936
10,10,8,11,5,372,6.64558
10,10,9,11,5,234,7.1708
10,10,10,11,4,215,5.86035
10,20,1,11,5,271,7.57569
10,20,2,11,7,257,11.1324
10,20,3,11,6,334,7.68359
10,20,4,11,6,311,9.83034
10,20,5,11,6,262,14.2581
10,20,6,11,6,323,7.86836
10,20,7,11,6,403,8.7326
10,20,8,11,6,479,11.0495
10,20,9,11,6,400,8.10078
10,20,10,11,6,388,8.4039
10,30,1,11,8,469,10.9519
10,30,2,11,7,563,9.59719
10,30,3,11,7,537,10.5212
10,30,4,11,8,325,10.3787
10,30,5,11,7,391,9.50666
10,30,6,11,7,386,10.092
10,30,7,11,6,395,8.12657
10,30,8,11,7,447,9.72902
10,30,9,11,7,418,11.2528
10,30,10,11,7,445,10.7685
15,20,1,11,6,464,5.78174
15,20,2,11,8,327,7.57235
15,20,3,11,6,395,4.02409
15,20,4,11,7,467,6.90569
15,20,5,11,7,333,7.25313
15,20,6,11,7,453,7.97412
15,20,7,11,7,406,7.76159
15,20,8,11,8,460,8.94813
15,20,9,11,9,435,9.26486
15,20,10,11,8,576,9.22326
20,20,1,11,9,430,5.18164
20,20,2,11,9,501,5.12596
20,20,3,11,10,662,5.92392
20,20,4,11,8,557,4.64324
20,20,5,11,9,487,5.25967
20,20,6,11,9,555,5.23
20,20,7,11,8,410,4.41026
20,20,8,11,8,568,4.53476
20,20,9,11,7,454,4.07803
20,20,10,11,8,564,4.7134
10,10,1,12,4,174,5.66238
10,10,2,12,5,159,6.23408
10,10,3,12,4,232,5.99734
10,10,4,12,4,184,5.76429
10,10,5,12,4,308,5.68367
10,10,6,12,4,268,5.918
10,10,7,12,4,220,5.54826
10,10,8,12,5,372,7.01991
10,10,9,12,5,234,7.39794
10,10,10,12,4,215,5.45307
10,20,1,12,5,271,6.9308
10,20,2,12,7,257,9.7618
10,20,3,12,6,334,8.7133
10,20,4,12,6,311,6.88732
10,20,5,12,6,262,8.70618
10,20,6,12,6,323,9.18692
10,20,7,12,6,403,5.60565
10,20,8,12,6,458,8.77215
10,20,9,12,6,400,11.7454
10,20,10,12,6,388,10.202
10,30,1,12,8,439,9.12971
10,30,2,12,7,563,11.7101
10,30,3,12,7,537,9.39352
10,30,4,12,8,325,11.8992
10,30,5,12,7,391,11.1997
10,30,6,12,7,386,10.4825
10,30,7,12,6,395,8.17915
10,30,8,12,7,447,10.291
10,30,9,12,7,418,11.8703
10,30,10,12,7,445,10.8808
10,40,1,12,8,526,5.62929
10,40,2,12,8,496,5.19615
10,40,3,12,8,548,6.18929
10,40,4,12,8,426,5.76486
10,40,5,12,8,449,6.72251
10,40,6,12,8,475,6.46022
10,40,7,12,8,309,5.31152
10,40,8,12,8,579,5.80523
10,40,9,12,8,467,6.41975
10,40,10,12,8,524,5.9111
15,20,1,12,6,464,6.7372
15,20,2,12,8,327,6.97839
15,20,3,12,6,395,5.61986
15,20,4,12,7,467,6.31813
15,20,5,12,7,333,6.90672
15,20,6,12,7,453,6.01679
15,20,7,12,7,406,7.8179
15,20,8,12,8,472,9.60437
15,20,9,12,9,435,7.55619
15,20,10,12,8,576,5.07715
15,40,1,12,9,550,8.99584
15,40,2,12,10,549,9.78997
15,40,3,12,10,626,9.14043
15,40,4,12,10,519,9.1417
15,40,5,12,10,595,9.82636
15,40,6,12,10,625,9.49828
15,40,7,12,10,606,8.94424
15,40,8,12,9,588,8.59267
15,40,9,12,11,660,9.84924
15,40,10,12,10,681,9.92399
15,60,1,12,11,755,11.7554
15,60,2,12,12,671,10.9904
15,60,3,12,12,731,11.556
15,60,4,12,10,606,10.4502
15,60,5,12,11,737,12.2102
15,60,6,12,11,750,11.8705
15,60,7,12,11,743,11.6549
15,60,8,12,11,768,11.094
15,60,9,12,11,791,12.8379
15,60,10,12,11,593,10.6477
15,80,1,12,12,661,11.0211
15,80,2,12,12,702,12.1339
15,80,3,12,12,884,10.7907
15,80,4,12,12,776,12.2232
15,80,5,12,12,828,21.1793
15,80,6,12,12,729,12.7935
15,80,7,12,12,862,12.9095
15,80,8,12,12,852,15.6792
15,80,9,12,12,777,12.3624
15,80,10,12,12,750,10.6394
15,100,1,12,13,837,13.4016
15,100,2,12,13,723,12.6044
15,100,3,12,13,805,14.3322
15,100,4,12,13,884,14.197
15,100,5,12,13,835,15.7121
15,100,6,12,13,971,14.7391
15,100,7,12,14,865,16.4485
15,100,8,12,13,863,32.5394
15,100,9,12,14,877,16.6676
15,100,10,12,13,767,14.4743
20,20,1,12,9,430,9.22367
20,20,2,12,9,501,9.55358
20,20,3,12,10,662,10.7514
20,20,4,12,8,557,8.62926
20,20,5,12,9,487,9.83078
20,20,6,12,9,555,12.4186
20,20,7,12,8,410,8.58732
20,20,8,12,8,568,8.67762
20,20,9,12,7,454,6.1685
20,20,10,12,8,521,5.53685
20,40,1,12,12,793,13.8066
20,40,2,12,10,713,12.0608
20,40,3,12,12,848,14.6958
20,40,4,12,11,564,16.3223
20,40,5,12,12,615,17.7429
20,40,6,12,11,726,16.4029
20,40,7,12,11,680,18.7161
20,40,8,12,12,745,19.8802
20,40,9,12,11,725,17.4276
20,40,10,12,13,767,19.1122
20,60,1,12,14,1093,22.4889
20,60,2,12,14,866,23.9633
20,60,3,12,15,785,24.4916
20,60,4,12,13,984,23.9163
20,60,5,12,14,867,20.553
20,60,6,12,13,732,21.3689
20,60,7,12,14,876,23.084
20,60,8,12,13,844,25.3475
20,60,9,12,13,901,23.0118
20,60,10,12,14,762,23.8702
20,80,1,12,15,1058,26.0404
20,80,2,12,14,892,24.7681
20,80,3,12,14,939,24.899
20,80,4,12,15,921,27.2694
20,80,5,12,15,856,27.4021
20,80,6,12,13,840,14.4246
20,80,7,12,14,844,24.4486
20,80,8,12,15,983,31.2203
20,80,9,12,14,925,29.3532
20,80,10,12,14,849,25.5741
20,100,1,12,16,933,39.4474
20,100,2,12,16,984,31.2981
20,100,3,12,14,969,25.7714
20,100,4,12,16,1014,21.4311
20,100,5,12,16,929,23.9981
20,100,6,12,14,773,29.8832
20,100,7,12,16,1102,32.3083
20,100,8,12,15,1077,29.4022
20,100,9,12,16,1042,25.2829
20,100,10,12,16,1115,30.6006
20,120,1,12,16,959,30.3434
20,120,2,12,16,1068,30.7042
20,120,3,12,15,897,41.7545
20,120,4,12,16,1138,50.7114
20,120,5,12,16,1261,23.487
20,120,6,12,16,1011,33.3337
20,120,7,12,16,1000,31.2865
20,120,8,12,16,1065,33.3923
20,120,9,12,16,964,33.7547
20,120,10,12,17,802,31.5266
25,40,1,12,13,837,21.8737
25,40,2,12,14,863,24.5029
25,40,3,12,13,977,28.4041
25,40,4,12,13,532,24.2291
25,40,5,12,13,729,22.4449
25,40,6,12,13,726,18.2904
25,40,7,12,13,949,15.118
25,40,8,12,13,822,19.1076
25,40,9,12,14,804,25.2363
25,40,10,12,14,804,27.0064
25,80,1,12,16,1309,38.843
25,80,2,12,17,917,32.6684
25,80,3,12,17,1162,24.3726
25,80,4,12,16,888,21.2849
25,80,5,12,17,1085,34.5096
25,80,6,12,15,993,27.8027
25,80,7,12,17,1154,33.3381
25,80,8,12,16,1039,31.1607
25,80,9,12,16,986,29.0563
25,80,10,12,16,1085,25.6708
25,100,1,12,18,1223,37.6349
25,100,2,12,19,1212,27.6954
25,100,3,12,19,1243,35.6626
25,100,4,12,18,969,26.6211
25,100,5,12,18,834,26.5554
25,100,6,12,18,1187,34.0521
25,100,7,12,19,944,38.5767
25,100,8,12,17,897,32.5585
25,100,9,12,18,1344,27.5064
25,100,10,12,18,1238,41.5121
25,150,1,12,21,1448,49.645
25,150,2,12,19,1210,43.4265
25,150,3,12,21,1457,31.164
25,150,4,12,19,1152,44.949
25,150,5,12,20,1213,50.4561
25,150,6,12,20,1151,32.0895
25,150,7,12,20,1132,29.3389
25,150,8,12,20,1082,47.521
25,150,9,12,20,1277,47.6626
25,150,10,12,20,1540,36.2273
25,200,1,12,21,1446,33.341
25,200,2,12,22,1226,34.0648
25,200,3,12,21,1220,30.2942
25,200,4,12,22,1592,35.6874
25,200,5,12,20,1304,49.4681
25,200,6,12,21,1458,36.3633
25,200,7,12,20,1313,53.0781
25,200,8,12,21,1662,62.36
25,200,9,12,21,1371,36.7965
25,200,10,12,21,1152,41.0148
10,10,1,13,4,174,3.24763
10,10,2,13,5,159,3.60807
10,10,3,13,4,232,2.83111
10,10,4,13,4,184,3.0368
10,10,5,13,4,308,3.30851
10,10,6,13,4,268,3.32847
10,10,7,13,4,220,2.81059
10,10,8,13,5,372,3.8491
10,10,9,13,5,234,3.23085
10,10,10,13,4,215,2.92642
10,20,1,13,5,271,4.06992
10,20,2,13,7,257,5.16208
10,20,3,13,6,334,4.32349
10,20,4,13,6,311,4.02076
10,20,5,13,6,262,5.35046
10,20,6,13,6,323,4.69335
10,20,7,13,6,403,4.52401
10,20,8,13,6,479,4.93259
10,20,9,13,6,400,4.70769
10,20,10,13,6,388,4.28601
10,30,1,13,8,439,5.68194
10,30,2,13,7,563,6.44874
10,30,3,13,7,537,5.76288
10,30,4,13,8,325,5.87886
10,30,5,13,7,391,3.78432
10,30,6,13,7,386,6.07698
10,30,7,13,6,395,4.06542
10,30,8,13,7,447,4.662
10,30,9,13,7,418,5.29274
10,30,10,13,7,445,6.14276
10,40,1,13,8,526,6.83677
10,40,2,13,8,496,6.93134
10,40,3,13,8,548,7.40393
10,40,4,13,8,426,6.6546
10,40,5,13,8,449,6.93304
10,40,6,13,8,475,6.26959
10,40,7,13,8,309,6.9705
10,40,8,13,8,579,3.74264
10,40,9,13,8,467,4.29726
10,40,10,13,8,524,5.95809
15,20,1,13,6,464,5.66417
15,20,2,13,8,327,7.38968
15,20,3,13,6,395,6.01572
15,20,4,13,7,467,6.92953
15,20,5,13,7,333,7.3842
15,20,6,13,7,453,6.70852
15,20,7,13,7,450,9.02314
15,20,8,13,8,472,7.95538
15,20,9,13,9,435,10.4895
15,20,10,13,8,587,7.83129
15,40,1,13,9,550,8.54055
15,40,2,13,10,549,6.4215
15,40,3,13,10,626,9.92638
15,40,4,13,10,519,6.50343
15,40,5,13,10,595,7.92649
15,40,6,13,9,619,11.9911
15,40,7,13,10,606,9.72865
15,40,8,13,9,588,9.47054
15,40,9,13,11,660,11.4637
15,40,10,13,10,681,11.6768
15,60,1,13,11,755,12.7345
15,60,2,13,12,671,12.0175
15,60,3,13,12,731,11.1594
15,60,4,13,10,606,11.5792
15,60,5,13,11,737,10.7248
15,60,6,13,11,750,11.6122
15,60,7,13,11,743,13.9523
15,60,8,13,11,768,11.6696
15,60,9,13,11,791,12.4017
15,60,10,13,11,593,12.3671
15,80,1,13,12,661,13.905
15,80,2,13,12,702,17.373
15,80,3,13,12,884,14.3182
15,80,4,13,12,776,20.2968
15,80,5,13,12,828,15.3311
15,80,6,13,12,729,15.7157
15,80,7,13,12,862,14.8117
15,80,8,13,12,852,14.5703
15,80,9,13,12,777,14.2742
15,80,10,13,12,750,14.7055
15,100,1,13,13,837,15.2839
15,100,2,13,13,723,9.69228
15,100,3,13,13,805,11.9365
15,100,4,13,13,866,13.7193
15,100,5,13,13,835,18.1521
15,100,6,13,13,971,18.0323
15,100,7,13,14,865,19.7789
15,100,8,13,13,863,24.0569
15,100,9,13,14,877,20.4927
15,100,10,13,13,767,19.8022
20,20,1,13,9,430,13.1914
20,20,2,13,9,501,11.9074
20,20,3,13,10,662,15.1867
20,20,4,13,8,557,11.7014
20,20,5,13,9,487,14.2572
20,20,6,13,9,555,15.0968
20,20,7,13,8,410,11.289
20,20,8,13,8,568,11.9178
20,20,9,13,7,454,10.0951
20,20,10,13,8,521,27.6615
20,40,1,13,12,793,20.6198
20,40,2,13,10,713,18.6636
20,40,3,13,12,848,24.6047
20,40,4,13,11,564,19.4814
20,40,5,13,12,615,16.2872
20,40,6,13,11,726,21.5609
20,40,7,13,11,680,20.8326
20,40,8,13,12,745,23.6341
20,40,9,13,11,725,22.3151
20,40,10,13,12,763,18.7207
20,60,1,13,14,1093,23.1207
20,60,2,13,13,827,37.488
20,60,3,13,15,785,28.2782
20,60,4,13,13,984,36.9826
20,60,5,13,14,867,26.5218
20,60,6,13,13,732,28.3958
20,60,7,13,14,876,23.5152
20,60,8,13,13,844,27.7756
20,60,9,13,13,901,23.0912
20,60,10,13,14,762,25.7268
20,80,1,13,15,1058,28.7091
20,80,2,13,14,892,26.9863
20,80,3,13,14,939,29.5685
20,80,4,13,15,921,25.6831
20,80,5,13,15,856,23.2564
20,80,6,13,13,840,26.5832
20,80,7,13,14,844,27.8163
20,80,8,13,15,983,27.7993
20,80,9,13,14,925,27.3854
20,80,10,13,15,891,24.1633
20,100,1,13,16,933,31.7083
20,100,2,13,16,984,36.1011
20,100,3,13,14,969,31.8533
20,100,4,13,15,1010,38.8418
20,100,5,13,16,929,27.0459
20,100,6,13,14,773,17.2306
20,100,7,13,16,1102,33.6297
20,100,8,13,15,1077,40.3692
20,100,9,13,16,1042,36.5981
20,100,10,13,16,1115,31.7253
20,120,1,13,16,959,32.0977
20,120,2,13,16,1068,23.0338
20,120,3,13,15,897,31.9969
20,120,4,13,16,1117,36.3752
20,120,5,13,16,1261,31.7861
20,120,6,13,16,1011,34.0696
20,120,7,13,16,1000,27.7493
20,120,8,13,16,1065,27.2381
20,120,9,13,16,964,32.6983
20,120,10,13,17,802,25.1135
25,40,1,13,13,863,25.4322
25,40,2,13,13,939,25.6093
25,40,3,13,13,977,19.4127
25,40,4,13,13,532,24.9991
25,40,5,13,13,729,27.4068
25,40,6,13,13,726,28.0635
25,40,7,13,13,949,27.4009
25,40,8,13,13,822,22.5906
25,40,9,13,14,804,19.4482
25,40,10,13,14,804,25.6858
25,80,1,13,16,1309,38.9194
25,80,2,13,17,917,25.4516
25,80,3,13,17,1169,29.999
25,80,4,13,16,888,33.2837
25,80,5,13,17,1085,33.6088
25,80,6,13,15,993,35.8964
25,80,7,13,17,1154,42.1527
25,80,8,13,16,1039,36.6163
25,80,9,13,16,986,28.8324
25,80,10,13,16,1085,28.8227
25,100,1,13,18,1223,36.8788
25,100,2,13,19,1212,33.5725
25,100,3,13,19,1243,47.3837
25,100,4,13,18,969,26.2107
25,100,5,13,18,834,24.3804
25,100,6,13,18,1187,24.0572
25,100,7,13,18,922,35.0595
25,100,8,13,17,897,35.7386
25,100,9,13,16,1270,40.2022
25,100,10,13,18,1238,42.7268
25,150,1,13,21,1448,52.9792
25,150,2,13,19,1210,42.6531
25,150,3,13,21,1457,41.7498
25,150,4,13,19,1152,28.921
25,150,5,13,20,1213,44.4635
25,150,6,13,20,1151,35.0088
25,150,7,13,20,1132,36.4436
25,150,8,13,20,1082,48.1352
25,150,9,13,20,1277,32.9264
25,150,10,13,20,1540,30.692
25,200,1,13,21,1446,36.9671
25,200,2,13,22,1219,35.8558
25,200,3,13,21,1220,44.9654
25,200,4,13,22,1592,34.4177
25,200,5,13,20,1304,39.6206
25,200,6,13,21,1458,35.958
25,200,7,13,20,1313,44.3694
25,200,8,13,21,1662,69.7476
25,200,9,13,21,1371,38.3887
25,200,10,13,21,1152,33.6813
10,10,1,14,4,174,1.97531
10,10,2,14,5,159,3.81631
10,10,3,14,4,232,2.01522
10,10,4,14,4,184,2.8255
10,10,5,14,4,308,3.07125
10,10,6,14,4,268,3.48006
10,10,7,14,4,220,3.0267
10,10,8,14,5,372,4.06081
10,10,9,14,5,234,3.51701
10,10,10,14,4,215,3.28394
10,20,1,14,5,271,4.06363
10,20,2,14,7,257,5.47364
10,20,3,14,6,334,5.20395
10,20,4,14,6,311,5.30425
10,20,5,14,6,262,5.21124
10,20,6,14,6,323,4.68533
10,20,7,14,6,403,2.72547
10,20,8,14,6,458,3.91934
10,20,9,14,6,400,4.56862
10,20,10,14,6,388,4.41713
10,30,1,14,8,439,6.14855
10,30,2,14,7,563,6.74662
10,30,3,14,7,537,6.29172
10,30,4,14,8,325,6.96707
10,30,5,14,7,391,6.05999
10,30,6,14,7,386,5.87068
10,30,7,14,6,395,6.10216
10,30,8,14,7,447,5.56738
10,30,9,14,7,418,6.62948
10,30,10,14,7,445,5.72416
10,40,1,14,8,526,6.33721
10,40,2,14,8,496,6.63752
10,40,3,14,8,548,7.02484
10,40,4,14,8,426,6.19185
10,40,5,14,8,449,5.96204
10,40,6,14,8,475,6.70031
10,40,7,14,8,309,6.66123
10,40,8,14,8,579,6.89283
10,40,9,14,8,467,6.70911
10,40,10,14,8,524,6.85563
15,20,1,14,6,464,5.88244
15,20,2,14,8,327,8.09361
15,20,3,14,6,395,8.23344
15,20,4,14,7,467,6.77889
15,20,5,14,7,333,6.21315
15,20,6,14,7,453,6.68231
15,20,7,14,7,406,6.50722
15,20,8,14,8,472,6.28658
15,20,9,14,9,435,5.30577
15,20,10,14,8,576,7.52035
15,40,1,14,9,550,10.1654
15,40,2,14,10,549,10.8517
15,40,3,14,10,626,10.7908
15,40,4,14,10,519,10.9222
15,40,5,14,10,595,11.2342
15,40,6,14,10,625,11.1462
15,40,7,14,10,606,12.5733
15,40,8,14,9,588,9.56427
15,40,9,14,11,660,11.4713
15,40,10,14,10,681,10.7639
15,60,1,14,11,755,9.37781
15,60,2,14,12,671,15.1887
15,60,3,14,12,731,15.0741
15,60,4,14,10,606,12.5831
15,60,5,14,11,737,12.8054
15,60,6,14,11,750,14.2209
15,60,7,14,11,743,12.3804
15,60,8,14,11,768,10.1791
15,60,9,14,12,825,12.1546
15,60,10,14,11,593,11.9457
15,80,1,14,12,661,17.7353
15,80,2,14,12,702,17.4159
15,80,3,14,12,884,18.2684
15,80,4,14,12,776,22.5267
15,80,5,14,12,828,22.7285
15,80,6,14,12,697,18.8721
15,80,7,14,12,862,19.5472
15,80,8,14,12,852,22.0419
15,80,9,14,12,777,21.9767
15,80,10,14,12,750,20.7145
15,100,1,14,13,837,21.5698
15,100,2,14,13,723,23.9252
15,100,3,14,13,805,23.201
15,100,4,14,13,866,26.6956
15,100,5,14,13,835,23.672
15,100,6,14,13,971,23.9583
15,100,7,14,14,865,25.3128
15,100,8,14,13,863,29.4742
15,100,9,14,14,877,24.2117
15,100,10,14,13,767,22.6272
20,20,1,14,9,430,15.124
20,20,2,14,9,501,17.9113
20,20,3,14,10,662,18.1991
20,20,4,14,8,557,13.1533
20,20,5,14,9,487,17.8186
20,20,6,14,9,555,24.0082
20,20,7,14,8,410,16.7611
20,20,8,14,8,568,14.975
20,20,9,14,7,454,13.5124
20,20,10,14,8,564,15.3936
20,40,1,14,12,793,26.3384
20,40,2,14,10,713,20.7084
20,40,3,14,12,839,23.2342
20,40,4,14,11,564,17.9197
20,40,5,14,11,594,19.5199
20,40,6,14,11,726,22.0197
20,40,7,14,11,680,21.22
20,40,8,14,12,745,21.7597
20,40,9,14,11,725,19.9516
20,40,10,14,13,767,25.6702
20,60,1,14,14,1093,22.4382
20,60,2,14,14,866,23.675
20,60,3,14,15,785,29.5044
20,60,4,14,14,984,31.3497
20,60,5,14,14,867,26.9208
20,60,6,14,13,732,23.576
20,60,7,14,14,876,27.5126
20,60,8,14,13,844,26.3251
20,60,9,14,13,901,24.1196
20,60,10,14,14,762,31.1014
20,80,1,14,15,1058,36.364
20,80,2,14,14,892,30.5951
20,80,3,14,14,939,27.3527
20,80,4,14,15,921,22.5613
20,80,5,14,15,856,30.4323
20,80,6,14,13,840,27.1274
20,80,7,14,14,844,29.8353
20,80,8,14,15,983,34.4385
20,80,9,14,14,925,19.1089
20,80,10,14,14,849,26.7091
20,100,1,14,16,933,37.7619
20,100,2,14,16,984,25.6204
20,100,3,14,14,969,28.2334
20,100,4,14,16,1014,30.4863
20,100,5,14,16,929,29.6923
20,100,6,14,14,773,29.9817
20,100,7,14,16,1102,30.8108
20,100,8,14,15,1077,29.9586
20,100,9,14,16,1042,31.5096
20,100,10,14,16,1115,24.3391
20,120,1,14,16,959,22.613
20,120,2,14,16,1068,32.3334
20,120,3,14,15,897,34.4818
20,120,4,14,16,1117,24.3571
20,120,5,14,16,1261,36.8467
20,120,6,14,16,1011,22.2562
20,120,7,14,16,1000,25.2648
20,120,8,14,16,1065,41.9132
20,120,9,14,16,964,33.4773
20,120,10,14,17,802,34.0858
25,40,1,14,13,837,21.0816
25,40,2,14,14,863,23.2388
25,40,3,14,13,977,33.7202
25,40,4,14,13,532,26.2074
25,40,5,14,13,729,22.8667
25,40,6,14,13,726,27.048
25,40,7,14,13,949,20.0187
25,40,8,14,13,822,17.3435
25,40,9,14,14,804,26.473
25,40,10,14,14,804,27.8351
25,80,1,14,17,1337,37.47
25,80,2,14,17,917,24.9396
25,80,3,14,17,1162,26.2487
25,80,4,14,16,888,43.0625
25,80,5,14,17,1085,46.7889
25,80,6,14,15,993,28.6247
25,80,7,14,17,1154,25.4171
25,80,8,14,15,1059,23.7851
25,80,9,14,16,986,33.3468
25,80,10,14,16,1085,25.2646
25,100,1,14,18,1223,28.594
25,100,2,14,19,1212,40.7869
25,100,3,14,20,1255,34.888
25,100,4,14,18,969,26.9941
25,100,5,14,18,834,27.5338
25,100,6,14,18,1187,42.0535
25,100,7,14,19,951,45.0889
25,100,8,14,17,897,26.7507
25,100,9,14,16,1270,48.1129
25,100,10,14,18,1238,34.6705
25,150,1,14,21,1448,49.0408
25,150,2,14,19,1210,29.8002
25,150,3,14,19,1384,32.3482
25,150,4,14,19,1152,30.8469
25,150,5,14,20,1213,48.3146
25,150,6,14,20,1151,48.7935
25,150,7,14,20,1132,30.8655
25,150,8,14,20,1082,29.8588
25,150,9,14,20,1277,34.1179
25,150,10,14,20,1521,35.2039
25,200,1,14,21,1446,38.4539
25,200,2,14,22,1226,39.1139
25,200,3,14,21,1220,41.3254
25,200,4,14,22,1592,37.2554
25,200,5,14,20,1304,33.2017
25,200,6,14,21,1458,34.5237
25,200,7,14,20,1313,35.7265
25,200,8,14,22,1708,40.0382
25,200,9,14,21,1371,32.427
25,200,10,14,21,1152,36.6977
10,10,1,15,4,174,4.90847
10,10,2,15,5,159,4.28608
10,10,3,15,4,232,3.3657
10,10,4,15,4,184,3.86031
10,10,5,15,4,308,3.32252
10,10,6,15,4,268,3.94823
10,10,7,15,4,220,2.85034
10,10,8,15,5,372,2.4385
10,10,9,15,5,234,2.85748
10,10,10,15,4,215,1.9519
10,20,1,15,5,271,4.41337
10,20,2,15,7,257,5.71801
10,20,3,15,6,334,4.16565
10,20,4,15,6,311,4.06213
10,20,5,15,6,262,5.93708
10,20,6,15,6,323,5.74618
10,20,7,15,6,403,5.47257
10,20,8,15,6,458,5.55707
10,20,9,15,6,400,5.6095
10,20,10,15,6,388,6.21433
10,30,1,15,8,439,7.25982
10,30,2,15,7,563,6.34067
10,30,3,15,7,537,3.54604
10,30,4,15,8,325,5.66589
10,30,5,15,7,391,6.11805
10,30,6,15,7,386,6.09149
10,30,7,15,6,395,5.25569
10,30,8,15,7,447,3.7086
10,30,9,15,7,418,5.06938
10,30,10,15,7,445,4.7728
10,40,1,15,8,526,5.64686
10,40,2,15,8,496,7.83487
10,40,3,15,8,548,7.07564
10,40,4,15,8,426,7.35488
10,40,5,15,8,449,7.1746
10,40,6,15,8,475,6.93899
10,40,7,15,8,309,7.59221
10,40,8,15,8,579,9.03176
10,40,9,15,8,467,7.40704
10,40,10,15,8,524,7.95369
15,20,1,15,6,464,6.64921
15,20,2,15,8,327,8.5741
15,20,3,15,6,395,4.99932
15,20,4,15,7,467,7.14277
15,20,5,15,7,333,7.72384
15,20,6,15,7,453,7.98101
15,20,7,15,7,406,7.82423
15,20,8,15,8,460,9.09079
15,20,9,15,9,435,7.99881
15,20,10,15,8,576,9.91783
15,40,1,15,9,550,10.1863
15,40,2,15,9,526,20.4153
15,40,3,15,10,626,12.8308
15,40,4,15,10,519,11.0345
15,40,5,15,10,595,12.8526
15,40,6,15,10,625,13.7032
15,40,7,15,10,606,14.0524
15,40,8,15,9,588,12.7816
15,40,9,15,11,660,15.2472
15,40,10,15,10,681,15.5222
15,60,1,15,11,755,17.9376
15,60,2,15,12,671,22.3498
15,60,3,15,11,705,20.2675
15,60,4,15,10,606,17.9425
15,60,5,15,11,737,19.2778
15,60,6,15,11,750,21.1225
15,60,7,15,11,743,16.6485
15,60,8,15,11,768,19.9669
15,60,9,15,12,825,20.0546
15,60,10,15,11,593,21.8834
15,80,1,15,12,661,24.5757
15,80,2,15,12,702,28.2385
15,80,3,15,12,884,15.4584
15,80,4,15,12,776,20.4784
15,80,5,15,12,828,40.3361
15,80,6,15,12,697,22.5376
15,80,7,15,12,862,21.4659
15,80,8,15,12,852,22.094
15,80,9,15,12,777,22.8794
15,80,10,15,12,750,17.2271
15,100,1,15,13,837,24.1172
15,100,2,15,13,723,25.7294
15,100,3,15,13,805,27.0253
15,100,4,15,13,866,25.7088
15,100,5,15,13,835,26.0243
15,100,6,15,13,971,29.063
15,100,7,15,14,865,17.6224
15,100,8,15,13,863,27.7565
15,100,9,15,14,877,15.357
15,100,10,15,13,767,22.409
20,20,1,15,9,430,16.5663
20,20,2,15,9,501,15.6343
20,20,3,15,10,662,17.5132
20,20,4,15,8,557,14.2863
20,20,5,15,9,487,16.7063
20,20,6,15,9,555,16.4342
20,20,7,15,8,410,14.0587
20,20,8,15,8,568,15.6385
20,20,9,15,7,454,13.5897
20,20,10,15,8,521,14.2737
20,40,1,15,12,801,23.8887
20,40,2,15,10,713,21.5316
20,40,3,15,11,819,29.7006
20,40,4,15,11,564,19.0167
20,40,5,15,11,594,27.8355
20,40,6,15,11,726,21.4317
20,40,7,15,11,680,23.3332
20,40,8,15,12,745,24.5142
20,40,9,15,11,725,23.2749
20,40,10,15,12,763,24.3045
20,60,1,15,14,1093,28.0656
20,60,2,15,13,827,44.925
20,60,3,15,15,785,34.3181
20,60,4,15,13,984,32.8482
20,60,5,15,14,867,29.1084
20,60,6,15,13,732,18.4418
20,60,7,15,14,876,27.0599
20,60,8,15,13,844,25.6006
20,60,9,15,13,901,24.4259
20,60,10,15,14,762,23.4096
20,80,1,15,15,1058,33.5527
20,80,2,15,14,892,31.3275
20,80,3,15,14,939,23.2813
20,80,4,15,15,921,21.9411
20,80,5,15,15,856,23.0408
20,80,6,15,13,840,22.8663
20,80,7,15,14,844,28.8273
20,80,8,15,15,983,34.3729
20,80,9,15,14,925,20.8703
20,80,10,15,14,849,25.9603
20,100,1,15,16,933,27.7196
20,100,2,15,16,984,25.0224
20,100,3,15,14,969,35.5086
20,100,4,15,15,1010,27.606
20,100,5,15,16,929,23.949
20,100,6,15,14,773,26.0093
20,100,7,15,16,1102,34.0228
20,100,8,15,15,1077,37.5566
20,100,9,15,16,1042,31.03
20,100,10,15,16,1115,31.1009
20,120,1,15,16,959,36.6803
20,120,2,15,16,1068,39.2889
20,120,3,15,15,897,62.562
20,120,4,15,16,1117,25.3984
20,120,5,15,16,1261,36.549
20,120,6,15,16,1014,25.4812
20,120,7,15,16,1000,27.3282
20,120,8,15,17,1067,33.1258
20,120,9,15,16,964,28.2398
20,120,10,15,17,802,26.0561
25,40,1,15,13,837,18.439
25,40,2,15,14,863,20.8866
25,40,3,15,13,977,18.9279
25,40,4,15,13,532,24.6677
25,40,5,15,13,729,30.2851
25,40,6,15,13,726,23.4615
25,40,7,15,13,949,18.8924
25,40,8,15,13,822,18.333
25,40,9,15,14,828,33.7396
25,40,10,15,14,804,31.1497
25,80,1,15,16,1309,38.0974
25,80,2,15,17,917,29.6173
25,80,3,15,17,1162,41.4467
25,80,4,15,16,888,26.3482
25,80,5,15,17,1085,31.9836
25,80,6,15,15,971,37.1385
25,80,7,15,17,1154,27.9115
25,80,8,15,16,1039,38.4188
25,80,9,15,15,985,41.4355
25,80,10,15,16,1085,33.3619
25,100,1,15,18,1223,27.9929
25,100,2,15,19,1212,30.0245
25,100,3,15,19,1243,37.9417
25,100,4,15,18,969,27.5623
25,100,5,15,18,834,33.5821
25,100,6,15,18,1187,43.4628
25,100,7,15,18,922,28.7971
25,100,8,15,17,897,27.4823
25,100,9,15,18,1344,26.9601
25,100,10,15,18,1238,30.3733
25,150,1,15,21,1448,42.8067
25,150,2,15,19,1210,50.1162
25,150,3,15,21,1457,36.9035
25,150,4,15,19,1152,31.0388
25,150,5,15,20,1213,33.3333
25,150,6,15,20,1151,32.1614
25,150,7,15,20,1132,34.044
25,150,8,15,20,1082,36.4657
25,150,9,15,20,1277,30.9695
25,150,10,15,20,1521,35.3291
25,200,1,15,21,1446,37.0203
25,200,2,15,22,1226,44.1965
25,200,3,15,21,1220,42.5896
25,200,4,15,22,1592,37.9423
25,200,5,15,20,1304,31.8375
25,200,6,15,21,1458,33.8688
25,200,7,15,20,1313,32.5697
25,200,8,15,22,1708,35.3432
25,200,9,15,21,1371,34.3583
25,200,10,15,21,1152,31.6816
